DATE,0
2008-09-07,
2008-09-09,
2008-09-10,
2008-09-11,
2008-09-12,
2008-09-15,
2008-09-16,
2008-09-17,
2008-09-18,
2008-09-19,
2008-09-22,
2008-09-23,
2008-09-24,
2008-09-25,
2008-09-26,
2008-09-29,
2008-09-30,
2008-10-01,
2008-10-02,
2008-10-03,
2008-10-06,
2008-10-07,
2008-10-08,
2008-10-09,
2008-10-10,
2008-10-13,
2008-10-14,
2008-10-15,
2008-10-16,
2008-10-17,
2008-10-20,
2008-10-21,
2008-10-22,
2008-10-23,
2008-10-24,
2008-10-27,
2008-10-28,
2008-10-29,
2008-10-30,
2008-10-31,
2008-11-03,
2008-11-04,
2008-11-05,
2008-11-06,
2008-11-07,
2008-11-10,
2008-11-11,
2008-11-12,
2008-11-13,
2008-11-14,
2008-11-17,
2008-11-18,
2008-11-19,
2008-11-20,
2008-11-21,
2008-11-24,
2008-11-25,
2008-11-26,
2008-11-27,
2008-11-28,
2008-12-01,
2008-12-02,
2008-12-03,
2008-12-04,
2008-12-05,
2008-12-08,
2008-12-09,
2008-12-10,
2008-12-11,
2008-12-12,
2008-12-15,
2008-12-16,
2008-12-17,
2008-12-18,
2008-12-19,
2008-12-22,
2008-12-23,
2008-12-24,
2008-12-29,
2008-12-30,
2008-12-31,
2009-01-02,
2009-01-05,
2009-01-06,
2009-01-07,
2009-01-08,
2009-01-09,
2009-01-12,
2009-01-13,
2009-01-14,
2009-01-15,
2009-01-16,
2009-01-19,
2009-01-20,
2009-01-21,
2009-01-22,
2009-01-23,
2009-01-26,
2009-01-27,
2009-01-28,
2009-01-29,
2009-01-30,
2009-02-02,
2009-02-03,
2009-02-04,
2009-02-05,
2009-02-06,
2009-02-09,
2009-02-10,
2009-02-11,
2009-02-12,
2009-02-13,
2009-02-16,
2009-02-17,
2009-02-18,
2009-02-19,
2009-02-20,
2009-02-23,
2009-02-24,
2009-02-25,
2009-02-26,
2009-02-27,
2009-03-02,
2009-03-03,
2009-03-04,
2009-03-05,
2009-03-06,
2009-03-09,
2009-03-10,
2009-03-11,
2009-03-12,
2009-03-13,
2009-03-16,
2009-03-17,
2009-03-18,
2009-03-19,
2009-03-20,
2009-03-23,
2009-03-24,
2009-03-25,
2009-03-26,
2009-03-27,
2009-03-30,
2009-03-31,
2009-04-01,
2009-04-02,
2009-04-03,
2009-04-06,
2009-04-07,
2009-04-08,
2009-04-09,
2009-04-14,
2009-04-15,
2009-04-16,
2009-04-17,
2009-04-20,
2009-04-21,
2009-04-22,
2009-04-23,
2009-04-24,
2009-04-27,
2009-04-28,
2009-04-29,
2009-04-30,
2009-05-04,
2009-05-05,
2009-05-06,
2009-05-07,
2009-05-08,
2009-05-11,
2009-05-12,
2009-05-13,
2009-05-14,
2009-05-15,
2009-05-18,
2009-05-19,
2009-05-20,
2009-05-21,
2009-05-22,
2009-05-25,
2009-05-26,
2009-05-27,
2009-05-28,
2009-05-29,
2009-06-01,
2009-06-02,
2009-06-03,
2009-06-04,
2009-06-05,
2009-06-08,
2009-06-09,
2009-06-10,
2009-06-11,
2009-06-12,
2009-06-15,
2009-06-16,
2009-06-17,
2009-06-18,
2009-06-19,
2009-06-22,
2009-06-23,
2009-06-24,
2009-06-25,
2009-06-26,
2009-06-29,
2009-06-30,
2009-07-01,
2009-07-02,
2009-07-03,
2009-07-06,
2009-07-07,
2009-07-08,
2009-07-09,
2009-07-10,
2009-07-13,
2009-07-14,
2009-07-15,
2009-07-16,
2009-07-17,
2009-07-20,
2009-07-21,
2009-07-22,
2009-07-23,
2009-07-24,
2009-07-27,
2009-07-28,
2009-07-29,
2009-07-30,
2009-07-31,
2009-08-03,
2009-08-04,
2009-08-05,
2009-08-06,
2009-08-07,
2009-08-10,
2009-08-11,
2009-08-12,
2009-08-13,
2009-08-14,
2009-08-17,
2009-08-18,
2009-08-19,
2009-08-20,
2009-08-21,
2009-08-24,
2009-08-25,
2009-08-26,
2009-08-27,
2009-08-28,
2009-08-31,
2009-09-01,
2009-09-02,
2009-09-03,
2009-09-04,
2009-09-07,
2009-09-08,
2009-09-09,
2009-09-10,
2009-09-11,
2009-09-14,
2009-09-15,
2009-09-16,
2009-09-17,
2009-09-18,
2009-09-21,
2009-09-22,
2009-09-23,
2009-09-24,
2009-09-25,
2009-09-28,
2009-09-29,
2009-09-30,
2009-10-01,
2009-10-02,
2009-10-05,
2009-10-06,
2009-10-07,
2009-10-08,
2009-10-09,
2009-10-12,
2009-10-13,
2009-10-14,
2009-10-15,
2009-10-16,
2009-10-19,
2009-10-20,
2009-10-21,
2009-10-22,
2009-10-23,
2009-10-26,
2009-10-27,
2009-10-28,
2009-10-29,
2009-10-30,
2009-11-02,
2009-11-03,
2009-11-04,
2009-11-05,
2009-11-06,
2009-11-09,
2009-11-10,
2009-11-11,
2009-11-12,
2009-11-13,
2009-11-16,
2009-11-17,
2009-11-18,
2009-11-19,
2009-11-20,
2009-11-23,
2009-11-24,
2009-11-25,
2009-11-26,
2009-11-27,
2009-11-30,
2009-12-01,
2009-12-02,
2009-12-03,
2009-12-04,
2009-12-07,
2009-12-08,
2009-12-09,
2009-12-10,
2009-12-11,
2009-12-14,
2009-12-15,
2009-12-16,
2009-12-17,
2009-12-18,
2009-12-21,
2009-12-22,
2009-12-23,
2009-12-24,
2009-12-28,
2009-12-29,
2009-12-30,
2009-12-31,
2010-01-04,
2010-01-05,
2010-01-06,
2010-01-07,
2010-01-08,
2010-01-11,
2010-01-12,
2010-01-13,
2010-01-14,
2010-01-15,
2010-01-18,
2010-01-19,
2010-01-20,
2010-01-21,
2010-01-22,
2010-01-25,
2010-01-26,
2010-01-27,
2010-01-28,
2010-01-29,
2010-02-01,
2010-02-02,
2010-02-03,
2010-02-04,
2010-02-05,
2010-02-08,
2010-02-09,
2010-02-10,
2010-02-11,
2010-02-12,
2010-02-15,
2010-02-16,
2010-02-17,
2010-02-18,
2010-02-19,
2010-02-22,
2010-02-23,
2010-02-24,
2010-02-25,
2010-02-26,
2010-03-01,
2010-03-02,
2010-03-03,
2010-03-04,
2010-03-05,
2010-03-08,
2010-03-09,
2010-03-10,
2010-03-11,
2010-03-12,
2010-03-15,
2010-03-16,
2010-03-17,
2010-03-18,
2010-03-19,
2010-03-22,
2010-03-23,
2010-03-24,
2010-03-25,
2010-03-26,
2010-03-29,
2010-03-30,
2010-03-31,
2010-04-01,
2010-04-06,
2010-04-07,
2010-04-08,
2010-04-09,
2010-04-12,
2010-04-13,
2010-04-14,
2010-04-15,
2010-04-16,
2010-04-19,
2010-04-20,
2010-04-21,
2010-04-22,
2010-04-23,
2010-04-26,
2010-04-27,
2010-04-28,
2010-04-29,
2010-04-30,
2010-05-03,
2010-05-04,
2010-05-05,
2010-05-06,
2010-05-07,
2010-05-10,
2010-05-11,
2010-05-12,
2010-05-13,
2010-05-14,
2010-05-17,
2010-05-18,
2010-05-19,
2010-05-20,
2010-05-21,
2010-05-24,
2010-05-25,
2010-05-26,
2010-05-27,
2010-05-28,
2010-05-31,
2010-06-01,
2010-06-02,
2010-06-03,
2010-06-04,
2010-06-07,
2010-06-08,
2010-06-09,
2010-06-10,
2010-06-11,
2010-06-14,
2010-06-15,
2010-06-16,
2010-06-17,
2010-06-18,
2010-06-21,
2010-06-22,
2010-06-23,
2010-06-24,
2010-06-25,
2010-06-28,
2010-06-29,
2010-06-30,
2010-07-01,
2010-07-02,
2010-07-05,
2010-07-06,
2010-07-07,
2010-07-08,
2010-07-09,
2010-07-12,
2010-07-13,
2010-07-14,
2010-07-15,
2010-07-16,
2010-07-19,
2010-07-20,
2010-07-21,
2010-07-22,
2010-07-23,
2010-07-26,
2010-07-27,
2010-07-28,
2010-07-29,
2010-07-30,
2010-08-02,
2010-08-03,
2010-08-04,
2010-08-05,
2010-08-06,
2010-08-09,
2010-08-10,
2010-08-11,
2010-08-12,
2010-08-13,
2010-08-16,
2010-08-17,
2010-08-18,
2010-08-19,
2010-08-20,
2010-08-23,
2010-08-24,
2010-08-25,
2010-08-26,
2010-08-27,11.201223886674228
2010-08-30,11.207486670929189
2010-08-31,11.209926688406554
2010-09-01,11.210603415778932
2010-09-02,11.222305748531104
2010-09-03,11.215462380663341
2010-09-06,11.214788934614589
2010-09-07,11.222305748531104
2010-09-08,11.214115034730604
2010-09-09,11.207079421890777
2010-09-10,11.219895786191852
2010-09-13,11.218688623547774
2010-09-14,11.229899204054641
2010-09-15,11.231357993518301
2010-09-16,11.219895786191852
2010-09-17,11.216538951888301
2010-09-20,11.209114010588564
2010-09-21,11.200677438573198
2010-09-22,11.212765871007335
2010-09-23,11.211550065386445
2010-09-24,11.209114010588564
2010-09-27,11.213980200239737
2010-09-28,11.220833684029747
2010-09-29,11.221904491252932
2010-09-30,11.222573163962569
2010-10-01,11.225243392518447
2010-10-04,11.237303707010813
2010-10-05,11.230562553996048
2010-10-06,11.244784547725283
2010-10-07,11.253117929284427
2010-10-08,11.260610536355738
2010-10-11,11.260610536355738
2010-10-12,11.260996562224266
2010-10-13,11.251041085339589
2010-10-14,11.262539177262145
2010-10-15,11.25854921122492
2010-10-18,11.268302881978894
2010-10-19,11.272508584985562
2010-10-20,11.276316662702449
2010-10-21,11.27238139897585
2010-10-22,11.280993407622939
2010-10-25,11.281749741958754
2010-10-26,11.288781413322436
2010-10-27,11.29340035917873
2010-10-28,11.280236500812487
2010-10-29,11.294893825542195
2010-11-01,11.301216291281682
2010-11-02,11.305778286740617
2010-11-03,11.310564452838547
2010-11-04,11.300227171517557
2010-11-05,11.293773934925555
2010-11-08,11.280362691739526
2010-11-09,11.2728900459858
2010-11-10,11.272126978417297
2010-11-11,11.268685950361284
2010-11-12,11.25389563509161
2010-11-15,11.260481827944467
2010-11-16,11.268558277204392
2010-11-17,11.262539177262145
2010-11-18,11.269068872058478
2010-11-19,11.277962336850676
2010-11-22,11.27720313144916
2010-11-23,11.262410716859886
2010-11-24,11.240591669465246
2010-11-25,11.245438099803966
2010-11-26,11.240854240032595
2010-11-29,11.234401330303212
2010-11-30,11.206400304716968
2010-12-01,11.201087302640689
2010-12-02,11.230429919205747
2010-12-03,11.249220301899896
2010-12-06,11.255966565161287
2010-12-07,11.258162239275556
2010-12-08,11.265489221086973
2010-12-09,11.273271361529028
2010-12-10,11.282631409627177
2010-12-13,11.28615032742197
2010-12-14,11.293524899934853
2010-12-15,11.285899386391794
2010-12-16,11.276443349216837
2010-12-17,11.265745335827777
2010-12-20,11.262153746538544
2010-12-21,11.269324071753623
2010-12-22,11.27694993484064
2010-12-23,11.272508584985562
2010-12-24,11.273779556178512
2010-12-27,11.273779556178512
2010-12-28,11.262410716859886
2010-12-29,11.260224361413693
2010-12-30,11.260996562224266
2010-12-31,11.247526600758905
2011-01-03,11.242952326299221
2011-01-04,11.255707933322267
2011-01-05,11.262667621164447
2011-01-06,11.257775117520932
2011-01-07,11.243999721000892
2011-01-10,11.215058367460083
2011-01-11,11.197529553950933
2011-01-12,11.221503072902724
2011-01-13,11.24726577655294
2011-01-14,11.251430822272095
2011-01-17,11.237830508023919
2011-01-18,11.23453343942554
2011-01-19,11.24804804517171
2011-01-20,11.25065119645298
2011-01-21,11.260481827944467
2011-01-24,11.26612938499079
2011-01-25,11.269961786206713
2011-01-26,11.2563543875435
2011-01-27,11.259580404922897
2011-01-28,11.259064940993959
2011-01-31,11.258936033484916
2011-02-01,11.264976794737047
2011-02-02,11.279100065309159
2011-02-03,11.282757298719055
2011-02-04,11.279479020660121
2011-02-07,11.285899386391794
2011-02-08,11.28677740463572
2011-02-09,11.297502036671156
2011-02-10,11.30356153706439
2011-02-11,11.28577389225848
2011-02-14,11.284141033765932
2011-02-15,11.290156843361093
2011-02-16,11.29539115242053
2011-02-17,11.302204433654575
2011-02-18,11.308726329656956
2011-02-21,11.294147371165659
2011-02-22,11.272126978417297
2011-02-23,11.274414436524896
2011-02-24,11.276443349216837
2011-02-25,11.280993407622939
2011-02-28,11.287779910985346
2011-03-01,11.283512300642423
2011-03-02,11.289406843325935
2011-03-03,11.287153462302326
2011-03-04,11.283889587951181
2011-03-07,11.27720313144916
2011-03-08,11.27720313144916
2011-03-09,11.283763841330456
2011-03-10,11.28300902936859
2011-03-11,11.279731577802517
2011-03-14,11.27732970571678
2011-03-15,11.28615032742197
2011-03-16,11.273779556178512
2011-03-17,11.228969774259259
2011-03-18,11.226309490700444
2011-03-21,11.230695171196693
2011-03-22,11.251950235347012
2011-03-23,11.23651298477668
2011-03-24,11.226176290567048
2011-03-25,11.23756714220728
2011-03-28,11.23598548905035
2011-03-29,11.232682321615446
2011-03-30,11.234137059688567
2011-03-31,11.239014796602365
2011-04-01,11.225909837061607
2011-04-04,11.236776628332121
2011-04-05,11.240722963366833
2011-04-06,11.230562553996048
2011-04-07,11.233476077444925
2011-04-08,11.245568758979694
2011-04-11,11.24674392396445
2011-04-12,11.247396197159581
2011-04-13,11.231357993518301
2011-04-14,11.243083310646778
2011-04-15,11.228039479820449
2011-04-18,11.222305748531104
2011-04-19,11.197940709990439
2011-04-20,11.203134106930346
2011-04-21,11.209114010588564
2011-04-26,11.206943635347015
2011-04-27,11.203542965539109
2011-04-28,11.209249502764099
2011-04-29,11.210468106936293
2011-05-02,11.211820372186306
2011-05-03,11.225110050295434
2011-05-04,11.221235371120908
2011-05-05,11.219761728949209
2011-05-06,11.231357993518301
2011-05-09,11.240722963366833
2011-05-10,11.237830508023919
2011-05-11,11.237040202397958
2011-05-12,11.243999721000892
2011-05-13,11.246352355728682
2011-05-16,11.244915292315913
2011-05-17,11.242034955158283
2011-05-18,11.23743543328381
2011-05-19,11.237171963383721
2011-05-20,11.241116741674738
2011-05-23,11.225909837061607
2011-05-24,11.22337498145842
2011-05-25,11.221503072902724
2011-05-26,11.230429919205747
2011-05-27,11.226975225363207
2011-05-30,11.227507494171515
2011-05-31,11.218822824715525
2011-06-01,11.231887935237117
2011-06-02,11.22002982546556
2011-06-03,11.226575837752225
2011-06-06,11.23875174254324
2011-06-07,11.227241395181121
2011-06-08,11.226575837752225
2011-06-09,11.210468106936293
2011-06-10,11.212765871007335
2011-06-13,11.197529553950933
2011-06-14,11.195608587388756
2011-06-15,11.203679214602607
2011-06-16,11.18233589150717
2011-06-17,11.177452728682098
2011-06-20,11.192720200812888
2011-06-21,11.173950098130897
2011-06-22,11.183031543709138
2011-06-23,11.178850352948738
2011-06-24,11.16336798880036
2011-06-27,11.154105364685108
2011-06-28,11.152385920215057
2011-06-29,11.151955596748616
2011-06-30,11.173388536976171
2011-07-01,11.203679214602607
2011-07-04,11.20258870195364
2011-07-05,11.210468106936293
2011-07-06,11.205040685200927
2011-07-07,11.171279869575018
2011-07-08,11.191341840842766
2011-07-11,11.178151784984596
2011-07-12,11.13531868499046
2011-07-13,11.143310009755762
2011-07-14,11.144756141605761
2011-07-15,11.124022445161042
2011-07-18,11.117361181539327
2011-07-19,11.094375117313408
2011-07-20,11.109458359524737
2011-07-21,11.130639629809469
2011-07-22,11.154534764247993
2011-07-25,11.169448754196132
2011-07-26,11.162516562610142
2011-07-27,11.162658517326827
2011-07-28,11.136776411196116
2011-07-29,11.145911543236316
2011-08-01,11.145189573672072
2011-08-02,11.116172297464086
2011-08-03,11.103452335464524
2011-08-04,11.089652738212099
2011-08-05,11.057219140425318
2011-08-08,11.04452055708819
2011-08-09,11.012874914372196
2011-08-10,11.002932827508129
2011-08-11,10.980195005816189
2011-08-12,11.007584771434807
2011-08-15,11.033275458672687
2011-08-16,11.057219140425318
2011-08-17,11.042921835724492
2011-08-18,11.05089000537367
2011-08-19,11.008578807301946
2011-08-22,11.011885141939034
2011-08-23,11.01993975933257
2011-08-24,11.018629143155449
2011-08-25,11.023371976479778
2011-08-26,11.01402841206951
2011-08-29,11.006423812684293
2011-08-30,11.03262904623906
2011-08-31,11.031658643445782
2011-09-01,11.054850406589766
2011-09-02,11.052476048529304
2011-09-05,11.057061399278211
2011-09-06,11.02841714952161
2011-09-07,11.003099341537322
2011-09-08,11.026467197652533
2011-09-09,11.03521219265444
2011-09-12,11.011224748981238
2011-09-13,10.968887706998125
2011-09-14,10.973185831039595
2011-09-15,10.983086902022308
2011-09-16,11.016659992535567
2011-09-19,11.029877122203684
2011-09-20,11.007584771434807
2011-09-21,11.013204620936344
2011-09-22,11.0176450525397
2011-09-23,10.96422488877531
2011-09-26,10.943057300570455
2011-09-27,10.954833515403148
2011-09-28,10.98410557783196
2011-09-29,10.983766134515733
2011-09-30,10.990870359252689
2011-10-03,10.976782033219948
2011-10-04,10.953959465876302
2011-10-05,10.930424804497347
2011-10-06,10.958670283276902
2011-10-07,10.984275256291685
2011-10-10,10.994235666147436
2011-10-11,11.006755652740432
2011-10-12,10.996249427526061
2011-10-13,11.01993975933257
2011-10-14,11.002766285747398
2011-10-17,11.015345067954259
2011-10-18,10.997422251653127
2011-10-19,10.997087299380693
2011-10-20,10.995075226267273
2011-10-21,10.986309155297914
2011-10-24,10.996752234877642
2011-10-25,10.987831869406532
2011-10-26,10.975071168816319
2011-10-27,10.97078115794681
2011-10-28,10.997589685726354
2011-10-31,10.991544327264721
2011-11-01,10.983086902022308
2011-11-02,10.93684995599612
2011-11-03,10.936138085526478
2011-11-04,10.965090015570338
2011-11-07,10.948699064477122
2011-11-08,10.95675373943736
2011-11-09,10.951683355290221
2011-11-10,10.941464802666882
2011-11-11,10.941110569577807
2011-11-14,10.925038795067776
2011-11-15,10.917630684577787
2011-11-16,10.909618988410072
2011-11-17,10.910715279402385
2011-11-18,10.900620672254384
2011-11-21,10.900989539835106
2011-11-22,10.878613070131175
2011-11-23,10.866089187273534
2011-11-24,10.858806671377762
2011-11-25,10.853599832885793
2011-11-28,10.85379316299756
2011-11-29,10.884441797736006
2011-11-30,10.88668898969291
2011-12-01,10.914724761719237
2011-12-02,10.915997142150825
2011-12-05,10.924138299734526
2011-12-06,10.950806546816688
2011-12-07,10.928273880563582
2011-12-08,10.93221371374007
2011-12-09,10.909618988410072
2011-12-12,10.921431938136783
2011-12-13,10.90025166856016
2011-12-14,10.89488575689709
2011-12-15,10.868377954246345
2011-12-16,10.882001627590414
2011-12-19,10.87993220723003
2011-12-20,10.882753083571671
2011-12-21,10.888371075875895
2011-12-22,10.876158617846391
2011-12-23,10.878613070131175
2011-12-27,10.897664823067354
2011-12-28,10.905038128361106
2011-12-29,10.907605994775803
2011-12-30,10.910167284137964
2012-01-02,10.916541952842591
2012-01-03,10.935069328745017
2012-01-04,10.947291604709243
2012-01-05,10.924318463684207
2012-01-06,10.918355847771277
2012-01-09,10.927017035079881
2012-01-10,10.92970834378248
2012-01-11,10.926837356703691
2012-01-12,10.918537056433546
2012-01-13,10.920709002988724
2012-01-16,10.913268627497622
2012-01-17,10.904119432844034
2012-01-18,10.907789161732996
2012-01-19,10.899513252429136
2012-01-20,10.912357465703376
2012-01-23,10.913814926336666
2012-01-24,10.910532647678748
2012-01-25,10.909070391889045
2012-01-26,10.901911113948806
2012-01-27,10.911627938040162
2012-01-30,10.90430323947997
2012-01-31,10.876914475781092
2012-02-01,10.88331630521427
2012-02-02,10.888931143098599
2012-02-03,10.895442188331273
2012-02-06,10.912904262399767
2012-02-07,10.910532647678748
2012-02-08,10.930961813370898
2012-02-09,10.951683355290221
2012-02-10,10.946939430026962
2012-02-13,10.937561320066667
2012-02-14,10.952209071590772
2012-02-15,10.947291604709243
2012-02-16,10.945529489715843
2012-02-17,10.934177824718779
2012-02-20,10.936672035881783
2012-02-21,10.940933405966751
2012-02-22,10.9334640488141
2012-02-23,10.932749763069445
2012-02-24,10.911810369856777
2012-02-27,10.925398766273966
2012-02-28,10.920889785778694
2012-02-29,10.928632689322365
2012-03-01,10.930066638304407
2012-03-02,10.939337519467923
2012-03-05,10.944294159107852
2012-03-06,10.940224437486151
2012-03-07,10.913814926336666
2012-03-08,10.922334872735375
2012-03-09,10.932749763069445
2012-03-12,10.942880481544266
2012-03-13,10.927376295008301
2012-03-14,10.943410844855558
2012-03-15,10.896368886571995
2012-03-16,10.891726783722866
2012-03-19,10.887810694802111
2012-03-20,10.893028746149875
2012-03-21,10.898774290636782
2012-03-22,10.901358271402707
2012-03-23,10.891168280496956
2012-03-26,10.89209894598991
2012-03-27,10.898589464834572
2012-03-28,10.895812970686281
2012-03-29,10.890050337395614
2012-03-30,10.874645185851124
2012-04-02,10.882753083571671
2012-04-03,10.872370734529454
2012-04-04,10.866661870309134
2012-04-05,10.845251080383314
2012-04-10,10.843494811027599
2012-04-11,10.82576035608783
2012-04-12,10.831706855275558
2012-04-13,10.82117730532399
2012-04-16,10.813156408101396
2012-04-17,10.807705703176014
2012-04-18,10.821776287072955
2012-04-19,10.811947705295095
2012-04-20,10.809323826506423
2012-04-23,10.811746112713019
2012-04-24,10.796304928224641
2012-04-25,10.811746112713019
2012-04-26,10.81637249127545
2012-04-27,10.80181795903329
2012-04-30,10.811746112713019
2012-05-02,10.824168632711576
2012-05-03,10.815167671852599
2012-05-04,
2012-05-07,10.811342805589181
2012-05-08,10.820577964580847
2012-05-09,10.829728615263452
2012-05-10,10.821776287072955
2012-05-11,10.82516375668662
2012-05-14,10.828341515070772
2012-05-15,10.808919541075408
2012-05-16,10.789525241239263
2012-05-17,10.769957589426328
2012-05-18,10.742465181307614
2012-05-21,10.741816742940571
2012-05-22,10.741167883828371
2012-05-23,10.759178662281354
2012-05-24,10.730947070703667
2012-05-25,10.732912351388622
2012-05-28,10.74483919774579
2012-05-29,10.739218776551866
2012-05-30,10.728539803976012
2012-05-31,10.717524050371527
2012-06-01,10.71663752549077
2012-06-04,10.703019723800088
2012-06-05,10.707281253183137
2012-06-06,10.711970331775978
2012-06-07,10.722826758333833
2012-06-08,10.717302492821046
2012-06-11,10.721062311471126
2012-06-12,10.717745558845131
2012-06-13,10.710409747354918
2012-06-14,10.694441793098985
2012-06-15,10.703244468154331
2012-06-18,10.728758886023115
2012-06-19,10.731602593506558
2012-06-20,10.740085515501034
2012-06-21,10.753638481905739
2012-06-22,10.751285287964983
2012-06-25,10.75832832209406
2012-06-26,10.748711835976422
2012-06-27,10.728320673921449
2012-06-28,10.744192297453688
2012-06-29,10.734220396048636
2012-07-02,10.758966145013526
2012-07-03,10.781453170088616
2012-07-04,10.799575577092764
2012-07-05,10.810131907358478
2012-07-06,10.793228949176747
2012-07-09,10.767221033671607
2012-07-10,10.769747350804717
2012-07-11,10.77874793485229
2012-07-12,10.779372869775244
2012-07-13,10.778956289890028
2012-07-16,10.78766823049205
2012-07-17,10.782076417226271
2012-07-18,10.789937442399262
2012-07-19,10.792201516640048
2012-07-20,10.7915845500395
2012-07-23,10.769957589426328
2012-07-24,10.73509147624309
2012-07-25,10.71152469897003
2012-07-26,10.700093441464304
2012-07-27,10.726565902688105
2012-07-30,10.739652239930999
2012-07-31,10.754919712061787
2012-08-01,10.75577295443437
2012-08-02,10.747207591575448
2012-08-03,10.729853576882297
2012-08-06,10.743976570994
2012-08-07,10.759391134395187
2012-08-08,10.786635065817029
2012-08-09,10.785600832608697
2012-08-10,10.793639626800589
2012-08-13,10.788287617318913
2012-08-14,10.783114300038692
2012-08-15,10.786635065817029
2012-08-16,10.785186839640664
2012-08-17,10.789525241239263
2012-08-20,10.801410627052098
2012-08-21,10.813156408101396
2012-08-22,10.813961399088718
2012-08-23,10.812753669473318
2012-08-24,10.79589534394695
2012-08-27,10.794870648704098
2012-08-28,10.815971046067329
2012-08-29,10.815770263012745
2012-08-30,10.815368575921584
2012-08-31,10.807098231252908
2012-09-03,10.818977964239513
2012-09-04,10.831113794074028
2012-09-05,10.828341515070772
2012-09-06,10.827944847076676
2012-09-07,10.851858177873694
2012-09-10,10.872370734529454
2012-09-11,10.874834490158362
2012-09-12,10.88218954453168
2012-09-13,10.888931143098599
2012-09-14,10.882940859367924
2012-09-17,10.90338386826508
2012-09-18,10.896739325546411
2012-09-19,10.878424479843016
2012-09-20,10.88500406932799
2012-09-21,10.885753273333815
2012-09-24,10.902647762232577
2012-09-25,10.888931143098599
2012-09-26,10.884816680589505
2012-09-27,10.862071196600535
2012-09-28,10.865707216298683
2012-10-01,10.859960074043116
2012-10-02,10.866280118061702
2012-10-03,10.871991155857218
2012-10-04,10.881813675329736
2012-10-05,10.876536618228892
2012-10-08,10.89488575689709
2012-10-09,10.891354482899505
2012-10-10,10.88986389197697
2012-10-11,10.880308784150316
2012-10-12,10.892656929822856
2012-10-15,10.88967741178995
2012-10-16,10.887810694802111
2012-10-17,10.900620672254384
2012-10-18,10.904487012337237
2012-10-19,10.921431938136783
2012-10-22,10.904854456765403
2012-10-23,10.909618988410072
2012-10-24,10.896183615612689
2012-10-25,10.900436187427738
2012-10-26,10.895256745586188
2012-10-29,10.895256745586188
2012-10-30,10.886876027942778
2012-10-31,10.89414336636559
2012-11-01,10.888744488875005
2012-11-02,10.892656929822856
2012-11-05,10.893957682584535
2012-11-06,10.88762383130535
2012-11-07,10.891912882169482
2012-11-08,10.879178627691731
2012-11-09,10.882753083571671
2012-11-12,10.879555488446144
2012-11-13,10.877103351029552
2012-11-14,10.877858495486807
2012-11-15,10.873319051338314
2012-11-16,10.866471012402265
2012-11-19,10.847004270663875
2012-11-20,10.867996856680758
2012-11-21,10.872750169176388
2012-11-22,10.878801624859744
2012-11-23,10.881813675329736
2012-11-26,10.882753083571671
2012-11-27,10.876914475781092
2012-11-28,10.86818742361797
2012-11-29,10.863412321430344
2012-11-30,10.870661494724853
2012-12-03,10.869900893813494
2012-12-04,10.869139713948007
2012-12-05,10.874077057817662
2012-12-06,10.891540650637173
2012-12-07,10.896368886571995
2012-12-10,10.90338386826508
2012-12-11,10.896924493586937
2012-12-12,10.91726790568754
2012-12-13,10.923777874428767
2012-12-14,10.9334640488141
2012-12-17,10.935247534216398
2012-12-18,10.937561320066667
2012-12-19,10.946234708362843
2012-12-20,10.953784564258017
2012-12-21,10.956579325902428
2012-12-24,10.951157362466663
2012-12-27,10.950280092474442
2012-12-28,10.952033863530755
2012-12-31,10.94411755866589
2013-01-02,10.943234088337201
2013-01-03,10.970609174112868
2013-01-04,10.980195005816189
2013-01-07,10.982067187454001
2013-01-08,10.982917021787463
2013-01-09,10.980705948516565
2013-01-10,11.004596721402825
2013-01-11,11.017316807009099
2013-01-14,11.027117604179526
2013-01-15,11.028741772150658
2013-01-16,11.023861332985751
2013-01-17,11.020758023022772
2013-01-18,11.03811027872727
2013-01-21,11.043881375219193
2013-01-22,11.054850406589768
2013-01-23,11.04643565502429
2013-01-24,11.057061399278211
2013-01-25,11.048347092369557
2013-01-28,11.047073206846969
2013-01-29,11.048347092369557
2013-01-30,11.047869575448427
2013-01-31,11.048347092369557
2013-02-01,11.035373417967163
2013-02-04,11.043881375219193
2013-02-05,11.024676395383143
2013-02-06,11.03068729805615
2013-02-07,11.024839328173726
2013-02-08,11.021248660042998
2013-02-11,11.024187437668242
2013-02-12,11.02841714952161
2013-02-13,11.03521219265444
2013-02-14,11.037949494097935
2013-02-15,11.030039209893479
2013-02-18,11.0230456057197
2013-02-19,11.018465195290503
2013-02-20,11.028579474008616
2013-02-21,11.02922850859249
2013-02-22,11.01682423660262
2013-02-25,11.02141215223661
2013-02-26,11.029066289434052
2013-02-27,11.0037651205233
2013-02-28,11.002433118994357
2013-03-01,11.000097838533565
2013-03-04,10.991881141009905
2013-03-05,10.987493688814876
2013-03-06,11.006755652740432
2013-03-07,10.997589685726352
2013-03-08,11.0062578513529
2013-03-11,11.01468695670971
2013-03-12,11.008909933132786
2013-03-13,11.012710020316254
2013-03-14,10.976269081169717
2013-03-15,10.998928150038603
2013-03-18,10.999262486384078
2013-03-19,10.98681698433972
2013-03-20,10.976269081169717
2013-03-21,10.98681698433972
2013-03-22,10.984444905965518
2013-03-25,10.984275256291685
2013-03-26,10.972327682870567
2013-03-27,10.95675373943736
2013-03-28,10.937561320066667
2013-04-02,10.937739082043848
2013-04-03,10.93149853402069
2013-04-04,10.895256745586188
2013-04-05,10.91034998259467
2013-04-08,10.90338386826508
2013-04-09,10.885191422958515
2013-04-10,10.915815472607225
2013-04-11,10.959540226785442
2013-04-12,10.957276797595917
2013-04-15,10.954483987262574
2013-04-16,10.946763296164772
2013-04-17,10.93364254055933
2013-04-18,10.915270265869504
2013-04-19,10.909984552296432
2013-04-22,10.935069328745017
2013-04-23,10.941641872167123
2013-04-24,10.971296932049192
2013-04-25,10.989521058997378
2013-04-26,11.007750512713052
2013-04-29,10.993899644638898
2013-04-30,11.011224748981238
2013-05-02,11.009571856042939
2013-05-03,11.007419002681837
2013-05-06,11.01023334110096
2013-05-07,11.020594423840402
2013-05-08,11.029877122203684
2013-05-09,11.015838367314752
2013-05-10,11.015016066470784
2013-05-13,11.015838367314752
2013-05-14,11.009571856042939
2013-05-15,10.988845725525822
2013-05-16,10.9980918198067
2013-05-17,10.993731591533722
2013-05-20,11.003265827844206
2013-05-21,11.007916226525678
2013-05-22,11.0062578513529
2013-05-23,11.005759802035724
2013-05-24,10.993899644638898
2013-05-27,11.001766452303
2013-05-28,11.01221517494533
2013-05-29,11.01715264383053
2013-05-30,11.006423812684293
2013-05-31,10.999262486384078
2013-06-03,10.990027259969969
2013-06-04,10.977294722285267
2013-06-05,10.989858554781884
2013-06-06,10.98002463355238
2013-06-07,10.96629993707305
2013-06-10,10.976098038665237
2013-06-11,10.968715397184654
2013-06-12,10.962492386609458
2013-06-13,10.962145525697204
2013-06-14,10.956404881942108
2013-06-17,10.96301245249619
2013-06-18,10.975755865864636
2013-06-19,10.982407207858502
2013-06-20,10.974728644408106
2013-06-21,10.940047116801228
2013-06-24,10.904854456765403
2013-06-25,10.874834490158362
2013-06-26,10.900805123052656
2013-06-27,10.918174606266476
2013-06-28,10.91962361938
2013-07-01,10.923417319169769
2013-07-02,10.934177824718779
2013-07-03,10.919080485484145
2013-07-04,10.864560427182177
2013-07-05,10.900989539835106
2013-07-08,10.896554123212333
2013-07-09,10.918718232265187
2013-07-10,10.918355847771277
2013-07-11,10.919804598477407
2013-07-12,10.899513252429136
2013-07-15,10.888557799805108
2013-07-16,10.896183615612689
2013-07-17,10.899697907586157
2013-07-18,10.90301588298034
2013-07-19,10.925758607947515
2013-07-22,10.917993331907239
2013-07-23,10.940578984555987
2013-07-24,10.940756210963185
2013-07-25,10.955706801634527
2013-07-26,10.95430917736789
2013-07-29,10.959887992394929
2013-07-30,10.958322093858342
2013-07-31,10.964571029311823
2013-08-01,10.952909597013466
2013-08-02,10.960583161001304
2013-08-05,10.962492386609458
2013-08-06,10.959192340192962
2013-08-07,10.948523240300846
2013-08-08,10.952559395644101
2013-08-09,10.976782033219948
2013-08-12,10.994907370622734
2013-08-13,10.994067669506974
2013-08-14,11.006423812684293
2013-08-15,11.010563919616366
2013-08-16,11.008909933132786
2013-08-19,11.003931496033207
2013-08-20,10.994571574783446
2013-08-21,10.976611078437072
2013-08-22,10.976782033219948
2013-08-23,10.998928150038603
2013-08-26,11.002099841204238
2013-08-27,10.996584660516127
2013-08-28,10.97712385513406
2013-08-29,10.976782033219948
2013-08-30,10.983596369639677
2013-09-02,10.967853402475647
2013-09-03,10.984275256291685
2013-09-04,10.981386799606696
2013-09-05,10.983596369639677
2013-09-06,10.992049505350737
2013-09-09,10.996752234877642
2013-09-10,10.993059096552088
2013-09-11,11.005593730458493
2013-09-12,11.007750512713052
2013-09-13,11.012710020316254
2013-09-16,11.012050172057405
2013-09-17,11.005095350184035
2013-09-18,10.992217841349786
2013-09-19,10.997924469793757
2013-09-20,10.999596710986118
2013-09-23,11.010894388885733
2013-09-24,11.002266493983559
2013-09-25,11.00126616045566
2013-09-26,11.009406416386676
2013-09-27,11.009240949355604
2013-09-30,11.002766285747398
2013-10-01,10.994907370622734
2013-10-02,10.999930823919398
2013-10-03,11.009075454940662
2013-10-04,11.001599716162556
2013-10-07,11.006755652740432
2013-10-08,11.002099841204238
2013-10-09,10.995410853053441
2013-10-10,11.006755652740432
2013-10-11,11.012874914372196
2013-10-14,11.032790688525035
2013-10-15,11.042601784513568
2013-10-16,11.048347092369557
2013-10-17,11.056272320092631
2013-10-18,11.057692214627943
2013-10-21,11.058637692164496
2013-10-22,11.067263167110651
2013-10-23,11.058795184880783
2013-10-24,11.042921835724492
2013-10-25,11.040358553321328
2013-10-28,11.026955042202413
2013-10-29,11.034567031341739
2013-10-30,11.04083966952017
2013-10-31,11.053584783892745
2013-11-01,11.042281630837069
2013-11-04,11.041320554357519
2013-11-05,11.051683341393066
2013-11-06,11.054059580134949
2013-11-07,11.068355636981304
2013-11-08,11.067263167110651
2013-11-11,11.064605046555634
2013-11-12,11.065387580440156
2013-11-13,11.063665196862393
2013-11-14,11.055482617769352
2013-11-15,11.05500849685964
2013-11-18,11.054217795466345
2013-11-19,11.059739620650653
2013-11-20,11.05926751426058
2013-11-21,11.050096039472493
2013-11-22,11.05469229132341
2013-11-25,11.05895265279702
2013-11-26,11.060683165303136
2013-11-27,11.059739620650653
2013-11-28,11.078597812176962
2013-11-29,11.083372561332974
2013-12-02,11.088124620555321
2013-12-03,11.08827753744529
2013-12-04,11.081988690888394
2013-12-05,11.069602714305823
2013-12-06,11.062567587971328
2013-12-09,11.059424907823507
2013-12-10,11.071159377135732
2013-12-11,11.078134527480236
2013-12-12,11.075814879026519
2013-12-13,11.063351717236001
2013-12-16,11.058637692164496
2013-12-17,11.065700422613832
2013-12-18,11.069914240788094
2013-12-19,11.066325813503509
2013-12-20,11.073024179540937
2013-12-23,11.085368110387249
2013-12-24,11.099075300327623
2013-12-27,11.103452335464524
2013-12-30,11.105408252735932
2013-12-31,11.09133097493218
2014-01-02,11.091635806515093
2014-01-03,11.100586787918893
2014-01-06,11.12239822922627
2014-01-07,11.126380241714575
2014-01-08,11.150663514162712
2014-01-09,11.162942366321069
2014-01-10,11.16761427968181
2014-01-13,11.169307760188143
2014-01-14,11.177033060214024
2014-01-15,11.165917926433632
2014-01-16,11.17437106214469
2014-01-17,11.170012531519028
2014-01-20,11.172826660293318
2014-01-21,11.17170195892353
2014-01-22,11.160242542301033
2014-01-23,11.134297010815624
2014-01-24,11.133420458531596
2014-01-27,11.123727329325936
2014-01-28,11.111103711776863
2014-01-29,11.127557058561186
2014-01-30,11.125349389697805
2014-01-31,11.12239822922627
2014-02-03,11.112149346348195
2014-02-04,11.09816730995047
2014-02-05,11.113193888709825
2014-02-06,11.116023587522552
2014-02-07,11.14041145700175
2014-02-10,11.146200185177994
2014-02-11,11.145189573672072
2014-02-12,11.158533627046065
2014-02-13,11.154391651546497
2014-02-14,11.160242542301033
2014-02-17,11.175212458912883
2014-02-18,11.194096663521611
2014-02-19,11.188441085994343
2014-02-20,11.184282499463349
2014-02-21,11.181221840424117
2014-02-24,11.188579408146856
2014-02-25,11.199446837474438
2014-02-26,11.204087850445656
2014-02-27,11.192031258312333
2014-02-28,11.198899417178845
2014-03-03,11.206400304716968
2014-03-04,11.18317061609654
2014-03-05,11.207893754183335
2014-03-06,11.214249851043581
2014-03-07,11.227374453527402
2014-03-10,11.2220382615695
2014-03-11,11.233343828552316
2014-03-12,11.243999721000892
2014-03-13,11.227507494171515
2014-03-14,11.205584754855263
2014-03-17,11.200540779878075
2014-03-18,11.218554404367652
2014-03-19,11.227374453527402
2014-03-20,11.205856678718257
2014-03-21,11.206807830362763
2014-03-24,11.199720435287361
2014-03-25,11.188717711168998
2014-03-26,11.196981082800477
2014-03-27,11.206400304716968
2014-03-28,11.207350939676859
2014-03-31,11.217211220821182
2014-04-01,11.220699752468574
2014-04-02,11.23743543328381
2014-04-03,11.229766481246033
2014-04-04,11.235061701455786
2014-04-07,11.228305366554267
2014-04-08,11.222305748531104
2014-04-09,11.203542965539109
2014-04-10,11.207079421890777
2014-04-11,11.19478418503374
2014-04-14,11.184560277242912
2014-04-15,11.178850352948738
2014-04-16,11.164218690680674
2014-04-17,11.184282499463349
2014-04-22,11.19464671854098
2014-04-23,11.212765871007335
2014-04-24,11.201087302640689
2014-04-25,11.195471234184778
2014-04-28,11.18636395445753
2014-04-29,11.187887605974678
2014-04-30,11.199173164785263
2014-05-02,11.19876251526885
2014-05-05,11.21290086932006
2014-05-06,11.213170811284177
2014-05-07,11.217614365353956
2014-05-08,11.200814078595274
2014-05-09,11.202861441625316
2014-05-12,11.183726712315513
2014-05-13,11.192995644968327
2014-05-14,11.187056811133207
2014-05-15,11.167331753899454
2014-05-16,11.125644027295692
2014-05-19,11.12652741957929
2014-05-20,11.132104187774823
2014-05-21,11.132835663193292
2014-05-22,11.125496719348163
2014-05-23,11.128438763247257
2014-05-26,11.134297010815624
2014-05-27,11.151812114432564
2014-05-28,11.164785423481334
2014-05-29,11.175632891965114
2014-05-30,11.16704914827372
2014-06-02,11.1736693569724
2014-06-03,11.179269259608496
2014-06-04,11.174511344111675
2014-06-05,11.179827528987964
2014-06-06,11.189408939509232
2014-06-09,11.204360181602024
2014-06-10,11.211414884581913
2014-06-11,11.218151638704692
2014-06-12,11.201633526879315
2014-06-13,11.195333862112303
2014-06-16,11.190651947748828
2014-06-17,11.183726712315513
2014-06-18,11.184837977883408
2014-06-19,11.180246026587712
2014-06-20,11.181918267780073
2014-06-23,11.170294301033431
2014-06-24,11.159103590013903
2014-06-25,11.14345471708544
2014-06-26,11.152672699683611
2014-06-27,11.150663514162712
2014-06-30,11.132835663193292
2014-07-01,11.126233042185348
2014-07-02,11.136776411196116
2014-07-03,11.136630734161844
2014-07-04,11.1351727954286
2014-07-07,11.126821710340684
2014-07-08,11.109458359524737
2014-07-09,11.077980051539555
2014-07-10,11.058480174640346
2014-07-11,11.017809134909417
2014-07-14,11.024350450139057
2014-07-15,11.02922850859249
2014-07-16,11.017809134909417
2014-07-17,11.048187945396993
2014-07-18,11.040358553321328
2014-07-21,11.033113894733408
2014-07-22,11.030525315387942
2014-07-23,11.04563814321872
2014-07-24,11.062096815110534
2014-07-25,11.075814879026519
2014-07-28,11.07380015536943
2014-07-29,11.076433978256942
2014-07-30,11.063194940564049
2014-07-31,11.028904043956288
2014-08-01,10.99859370187495
2014-08-04,10.966645360219836
2014-08-05,10.974214637714702
2014-08-06,10.95605590270283
2014-08-07,10.915997142150825
2014-08-08,10.891168280496956
2014-08-11,10.890982043416615
2014-08-12,10.889304347058893
2014-08-13,10.887436932884098
2014-08-14,10.905955980651335
2014-08-15,10.9161787786966
2014-08-18,10.919080485484145
2014-08-19,10.942526749669337
2014-08-20,10.95430917736789
2014-08-21,10.950280092474442
2014-08-22,10.95430917736789
2014-08-25,10.94922635159717
2014-08-26,10.960235637105539
2014-08-27,10.977465560245877
2014-08-28,10.996752234877642
2014-08-29,10.986139821625509
2014-09-01,10.987662793406468
2014-09-02,10.986309155297914
2014-09-03,10.982577174715374
2014-09-04,10.993059096552088
2014-09-05,11.010729167902293
2014-09-08,11.00990265326726
2014-09-09,11.00658974647709
2014-09-10,10.99171274831775
2014-09-11,10.988338925954201
2014-09-12,10.988676820872097
2014-09-15,10.983256753402758
2014-09-16,10.97164063371953
2014-09-17,10.972499371427947
2014-09-18,10.978660609470476
2014-09-19,10.989521058997378
2014-09-22,10.991207400037814
2014-09-23,10.983766134515733
2014-09-24,10.968198289528557
2014-09-25,10.960756877669855
2014-09-26,10.947467645551173
2014-09-29,10.954134336909362
2014-09-30,10.95185862476749
2014-10-01,10.958147953675056
2014-10-02,10.947995582211037
2014-10-03,10.914542860854706
2014-10-06,10.925578703296495
2014-10-07,10.922515361861395
2014-10-08,10.918899375278091
2014-10-09,10.895998310321692
2014-10-10,10.87540218815828
2014-10-13,10.86322084225312
2014-10-14,10.864942836364657
2014-10-15,10.869520376305097
2014-10-16,10.835651633566574
2014-10-17,10.803648902480399
2014-10-20,10.830718224448617
2014-10-21,10.827349549906602
2014-10-22,10.85398645574002
2014-10-23,10.856303059092655
2014-10-24,10.860344246156945
2014-10-27,10.85379316299756
2014-10-28,10.845251080383314
2014-10-29,10.866852691796211
2014-10-30,10.85957575428435
2014-10-31,10.843690104456597
2014-11-03,10.863412321430344
2014-11-04,10.860920227741458
2014-11-05,10.832497056818058
2014-11-06,10.849531242559632
2014-11-07,10.854952359417938
2014-11-10,10.847976938768962
2014-11-11,10.867043476877397
2014-11-12,10.866471012402265
2014-11-13,10.839776970916972
2014-11-14,10.849725360778235
2014-11-17,10.850889279435336
2014-11-18,10.854566109895947
2014-11-19,10.863795169827057
2014-11-20,10.86226289601644
2014-11-21,10.858036996527373
2014-11-24,10.882377426166803
2014-11-25,10.884441797736006
2014-11-26,10.890050337395614
2014-11-27,10.876536618228892
2014-11-28,10.875780474525568
2014-12-01,10.854372929174783
2014-12-02,10.839580911706463
2014-12-03,10.858036996527373
2014-12-04,10.861687687487493
2014-12-05,10.853406465390266
2014-12-08,10.871801312477436
2014-12-09,10.860344246156945
2014-12-10,10.83545476379529
2014-12-11,10.815368575921584
2014-12-12,10.804055323945047
2014-12-15,10.78456552865454
2014-12-16,10.75577295443437
2014-12-17,10.767431804038074
2014-12-18,10.765955477712776
2014-12-19,10.803648902480399
2014-12-22,10.795690488881194
2014-12-23,10.796304928224641
2014-12-24,10.81335771660736
2014-12-29,10.805679360030782
2014-12-30,10.798145984283169
2014-12-31,10.781037456093852
2015-01-02,10.780413560888006
2015-01-05,10.791995903397831
2015-01-06,10.760028280004509
2015-01-07,10.745701081013967
2015-01-08,10.739218776551866
2015-01-09,10.768484990022733
2015-01-12,10.756412408788464
2015-01-13,10.759391134395187
2015-01-14,10.784772675211467
2015-01-15,10.798350336996663
2015-01-16,10.811342805589181
2015-01-19,10.82377030567982
2015-01-20,10.814162545624647
2015-01-21,10.830520380942184
2015-01-22,10.84991944132227
2015-01-23,10.873319051338314
2015-01-26,10.878424479843016
2015-01-27,10.889490896821583
2015-01-28,10.874266469694353
2015-01-29,10.858229470784536
2015-01-30,10.864560427182177
2015-02-02,10.848560085835736
2015-02-03,10.860920227741458
2015-02-04,10.879178627691731
2015-02-05,10.873508606831251
2015-02-06,10.870851554594283
2015-02-09,10.871611433050301
2015-02-10,10.863795169827057
2015-02-11,10.864942836364657
2015-02-12,10.851664473272605
2015-02-13,10.86933006323953
2015-02-16,10.885191422958515
2015-02-17,10.885566024948286
2015-02-18,10.90025166856016
2015-02-19,10.912904262399767
2015-02-20,10.90742279426233
2015-02-23,10.909436156340819
2015-02-24,10.914178959831768
2015-02-25,10.93221371374007
2015-02-26,10.929887507090314
2015-02-27,10.92917066118148
2015-03-02,10.949050620114422
2015-03-03,10.941464802666882
2015-03-04,10.938094511228325
2015-03-05,10.922515361861395
2015-03-06,10.93969238107562
2015-03-09,10.948347385204992
2015-03-10,10.948523240300846
2015-03-11,10.924678694235652
2015-03-12,10.94588216120601
2015-03-13,10.95430917736789
2015-03-16,10.958147953675056
2015-03-17,10.96629993707305
2015-03-18,10.96301245249619
2015-03-19,10.952734511658909
2015-03-20,10.95884433253328
2015-03-23,10.978660609470476
2015-03-24,10.983426575938616
2015-03-25,10.991544327264721
2015-03-26,10.983256753402758
2015-03-27,10.97301426030914
2015-03-30,10.983426575938616
2015-03-31,10.982407207858502
2015-04-01,10.975071168816319
2015-04-02,10.983935870576566
2015-04-07,10.986478460301282
2015-04-08,10.997087299380693
2015-04-09,11.015016066470784
2015-04-10,11.03521219265444
2015-04-13,11.032143962552615
2015-04-14,11.033436996513277
2015-04-15,11.020921595444825
2015-04-16,11.030363306477097
2015-04-17,11.005095350184035
2015-04-20,10.9817270513963
2015-04-21,10.986309155297914
2015-04-22,10.991544327264721
2015-04-23,10.982407207858502
2015-04-24,10.977465560245877
2015-04-27,10.986647736645317
2015-04-28,11.004596721402825
2015-04-29,10.998760939938723
2015-04-30,10.98410557783196
2015-05-04,10.9982591418183
2015-05-05,
2015-05-06,10.993731591533722
2015-05-07,10.989689821127556
2015-05-08,10.983766134515733
2015-05-11,11.0037651205233
2015-05-12,10.995075226267273
2015-05-13,11.01435773859974
2015-05-14,11.022392544472
2015-05-15,11.023208804414473
2015-05-18,11.01649572148797
2015-05-19,11.011554999974992
2015-05-20,11.016167098415673
2015-05-21,11.010563919616366
2015-05-22,11.013369433462469
2015-05-25,11.01468695670971
2015-05-26,10.996249427526061
2015-05-27,10.976782033219948
2015-05-28,10.989689821127556
2015-05-29,10.990701796251868
2015-06-01,10.975071168816319
2015-06-02,10.974728644408106
2015-06-03,10.981897133886719
2015-06-04,10.991544327264721
2015-06-05,10.980705948516565
2015-06-08,10.969059987126037
2015-06-09,10.941995917134532
2015-06-10,10.941818910319308
2015-06-11,10.965090015570338
2015-06-12,10.976611078437072
2015-06-15,10.961451442726428
2015-06-16,10.937916812427325
2015-06-17,10.936672035881783
2015-06-18,10.927735425915376
2015-06-19,10.927017035079881
2015-06-22,10.935247534216398
2015-06-23,10.95675373943736
2015-06-24,10.987662793406468
2015-06-25,10.974214637714702
2015-06-26,10.971984217299614
2015-06-29,10.97301426030914
2015-06-30,10.919985544827309
2015-07-01,10.923236992778513
2015-07-02,10.936138085526478
2015-07-03,10.934891091510787
2015-07-06,10.928094427893742
2015-07-07,10.890423123979614
2015-07-08,
2015-07-09,10.879555488446144
2015-07-10,10.918718232265187
2015-07-13,10.948699064477122
2015-07-14,10.966472663561087
2015-07-15,10.960235637105539
2015-07-16,10.968198289528557
2015-07-17,10.982237212107986
2015-07-20,10.977977899083829
2015-07-21,10.984444905965518
2015-07-22,10.971812440265781
2015-07-23,10.969059987126037
2015-07-24,10.971125036904807
2015-07-27,10.965262951152264
2015-07-28,10.944823773384508
2015-07-29,10.941818910319308
2015-07-30,10.949577721945127
2015-07-31,10.956404881942108
2015-08-03,10.952209071590772
2015-08-04,10.957625351102408
2015-08-05,10.951332724150584
2015-08-06,10.959366298617336
2015-08-07,10.936138085526478
2015-08-10,10.931140752263744
2015-08-11,10.935069328745017
2015-08-12,10.916541952842591
2015-08-13,10.90522176622775
2015-08-14,10.925578703296495
2015-08-17,10.924678694235652
2015-08-18,10.932749763069445
2015-08-19,10.931140752263744
2015-08-20,10.912904262399767
2015-08-21,10.902095326899497
2015-08-24,10.874266469694353
2015-08-25,10.814363651708785
2015-08-26,10.860536276882451
2015-08-27,10.850501457053124
2015-08-28,10.877480994538573
2015-08-31,10.873887610057315
2015-09-01,10.864942836364657
2015-09-02,10.840364918018672
2015-09-03,10.835651633566574
2015-09-04,10.850889279435336
2015-09-07,10.829728615263452
2015-09-08,10.824168632711576
2015-09-09,10.832299564963956
2015-09-10,10.835848464587778
2015-09-11,10.831113794074028
2015-09-14,10.824168632711576
2015-09-15,10.81817700304331
2015-09-16,10.822175409010004
2015-09-17,10.838011052671343
2015-09-18,10.839972991695802
2015-09-21,10.834666896904034
2015-09-22,10.844080576933248
2015-09-23,10.821975867953771
2015-09-24,10.82576035608783
2015-09-25,10.811342805589181
2015-09-28,10.831113794074028
2015-09-29,10.812955059062158
2015-09-30,10.799575577092764
2015-10-01,10.829134379334308
2015-10-02,10.841344062324843
2015-10-05,10.862071196600535
2015-10-06,10.895627596693721
2015-10-07,10.9079722951462
2015-10-08,10.914360926896231
2015-10-09,10.914178959831768
2015-10-12,10.918355847771277
2015-10-13,10.887436932884098
2015-10-14,10.873508606831251
2015-10-15,10.875591349229495
2015-10-16,10.891168280496956
2015-10-19,10.8945146305243
2015-10-20,10.895256745586188
2015-10-21,10.899328563168293
2015-10-22,10.88668898969291
2015-10-23,10.890795771645564
2015-10-26,10.900805123052656
2015-10-27,10.898774290636782
2015-10-28,10.877480994538573
2015-10-29,10.890982043416615
2015-10-30,10.906139450058326
2015-11-02,10.909253290837885
2015-11-03,10.9161787786966
2015-11-04,10.927196681177554
2015-11-05,10.93131965914319
2015-11-06,10.916904995141007
2015-11-09,10.914178959831768
2015-11-10,10.874077057817662
2015-11-11,10.869139713948007
2015-11-12,10.867996856680758
2015-11-13,10.854759253305529
2015-11-16,10.851083134238696
2015-11-17,10.858421908002487
2015-11-18,10.883503975290829
2015-11-19,10.893586211555004
2015-11-20,10.886127664951816
2015-11-23,10.87804719253426
2015-11-24,10.876158617846391
2015-11-25,10.87028126658339
2015-11-26,10.875969564060025
2015-11-27,10.885566024948286
2015-11-30,10.88668898969291
2015-12-01,10.88500406932799
2015-12-02,10.884816680589505
2015-12-03,10.891726783722866
2015-12-04,10.872750169176388
2015-12-07,10.867043476877397
2015-12-08,10.866089187273534
2015-12-09,10.849142893040186
2015-12-10,10.850307489445106
2015-12-11,10.851083134238696
2015-12-14,10.834469833153273
2015-12-15,10.822773793390082
2015-12-16,10.847976938768962
2015-12-17,10.858421908002487
2015-12-18,10.871421517562121
2015-12-21,10.878424479843016
2015-12-22,10.865516176084137
2015-12-23,10.87028126658339
2015-12-24,10.88668898969291
2015-12-28,10.887249999525295
2015-12-29,10.877103351029552
2015-12-30,10.88500406932799
2016-01-04,10.881249606498384
2016-01-05,10.865325099366254
2016-01-06,10.86226289601644
2016-01-07,10.852439066649831
2016-01-08,10.847976938768962
2016-01-11,10.844861064777746
2016-01-12,10.829332497215095
2016-01-13,10.846614938363842
2016-01-14,10.848948661710063
2016-01-15,10.82456680114208
2016-01-18,10.784358339179022
2016-01-19,10.748067436856283
2016-01-20,10.753638481905739
2016-01-21,10.727662995502477
2016-01-22,10.754492817711654
2016-01-25,10.78746168293374
2016-01-26,10.788906620743196
2016-01-27,10.80446158029839
2016-01-28,10.815770263012745
2016-01-29,10.815569439636228
2016-02-01,10.832891923555666
2016-02-02,10.836242010440948
2016-02-03,10.816171788816172
2016-02-04,10.80446158029839
2016-02-05,10.803445629789385
2016-02-08,10.801410627052098
2016-02-09,10.773105876211853
2016-02-10,10.748926543438332
2016-02-11,10.751285287964983
2016-02-12,10.705713328122311
2016-02-15,10.722165455543283
2016-02-16,10.745054738214346
2016-02-17,10.743329112246878
2016-02-18,10.773315409999942
2016-02-19,10.768274441543168
2016-02-22,10.759391134395187
2016-02-23,10.775617388624513
2016-02-24,10.75064254557542
2016-02-25,10.734438237243268
2016-02-26,10.749784912589748
2016-02-29,10.760240571694087
2016-03-01,10.772057548198871
2016-03-02,10.785186839640664
2016-03-03,10.788287617318913
2016-03-04,10.797737153533403
2016-03-07,10.810131907358478
2016-03-08,10.805476499699424
2016-03-09,10.791378809888585
2016-03-10,10.796918990264201
2016-03-11,10.79589534394695
2016-03-14,10.82037810448225
2016-03-15,10.835848464587778
2016-03-16,10.820777784743367
2016-03-17,10.815167671852599
2016-03-18,10.824964811097583
2016-03-21,10.827548021674644
2016-03-22,10.833681189579275
2016-03-23,10.834469833153273
2016-03-24,10.826555268689306
2016-03-29,10.815569439636228
2016-03-30,10.804867671674529
2016-03-31,10.822574371712284
2016-04-01,10.80018763464528
2016-04-04,10.793639626800589
2016-04-05,10.790967202556164
2016-04-06,10.770588040219511
2016-04-07,10.765322098614224
2016-04-08,10.746777391525793
2016-04-11,10.767431804038074
2016-04-12,10.771637909082347
2016-04-13,10.778539536393685
2016-04-14,10.797941589801109
2016-04-15,10.802225125162694
2016-04-18,10.80079931781248
2016-04-19,10.791378809888585
2016-04-20,10.794665583595208
2016-04-21,10.794665583595208
2016-04-22,10.81154447948318
2016-04-25,10.81637249127545
2016-04-26,10.810333825582283
2016-04-27,10.802632125575313
2016-04-28,10.80689565857927
2016-04-29,10.817375399793972
2016-05-02,10.807705703176014
2016-05-03,10.814966727413061
2016-05-04,10.797941589801109
2016-05-05,10.799983657082104
2016-05-06,10.806287694227784
2016-05-09,10.796918990264201
2016-05-10,10.789112870099398
2016-05-11,10.79937147463262
2016-05-12,10.788700328839422
2016-05-13,10.792407087614151
2016-05-16,10.791378809888585
2016-05-17,10.77978927619392
2016-05-18,10.781037456093852
2016-05-19,10.781660962297154
2016-05-20,10.775617388624513
2016-05-23,10.78622150088144
2016-05-24,10.781660962297154
2016-05-25,10.790967202556164
2016-05-26,10.804258472752247
2016-05-27,10.809525907945932
2016-05-30,10.80689565857927
2016-05-31,10.81376021208472
2016-06-01,10.809525907945932
2016-06-02,10.78746168293374
2016-06-03,10.788493994370517
2016-06-06,10.772057548198871
2016-06-07,10.773524899892822
2016-06-08,10.788700328839422
2016-06-09,10.782699276168863
2016-06-10,10.779164601524986
2016-06-13,10.757477258212903
2016-06-14,10.728758886023115
2016-06-15,10.704816265940602
2016-06-16,10.7034691620099
2016-06-17,10.694441793098985
2016-06-20,10.715750213986235
2016-06-21,10.748282282705212
2016-06-22,10.740951503864313
2016-06-23,10.739868901181982
2016-06-24,10.754706287666568
2016-06-27,10.681435334788539
2016-06-28,10.658905058822198
2016-06-29,10.680746075714726
2016-06-30,10.700093441464304
2016-07-01,10.702345187518187
2016-07-04,10.710186607780189
2016-07-05,10.710855877186097
2016-07-06,10.688073793412855
2016-07-07,10.67521483321893
2016-07-08,10.687160759795445
2016-07-11,10.702570083504742
2016-07-12,10.724148053395034
2016-07-13,10.732475956007487
2016-07-14,10.724588097406535
2016-07-15,10.733784571243307
2016-07-18,10.727224302799675
2016-07-19,10.7305098166521
2016-07-20,10.73400250738888
2016-07-21,10.736614043149514
2016-07-22,10.74138421698227
2016-07-25,10.746777391525793
2016-07-26,10.747422622218142
2016-07-27,10.751713553496154
2016-07-28,10.759178662281354
2016-07-29,10.752997250719933
2016-08-01,10.767221033671607
2016-08-02,10.767010218871627
2016-08-03,10.748926543438332
2016-08-04,10.743329112246878
2016-08-05,10.75042820627549
2016-08-08,10.752783415586006
2016-08-09,10.757690092096862
2016-08-10,10.77247701129227
2016-08-11,10.775617388624513
2016-08-12,10.782076417226271
2016-08-15,10.784151106767132
2016-08-16,10.781660962297154
2016-08-17,10.769537067973536
2016-08-18,10.75832832209406
2016-08-19,10.762996270311298
2016-08-22,10.757477258212903
2016-08-23,10.758540974939093
2016-08-24,10.757690092096862
2016-08-25,10.757264379021041
2016-08-26,10.752783415586006
2016-08-29,10.757051454501978
2016-08-30,10.75683848463641
2016-08-31,10.7598159432376
2016-09-01,10.760240571694087
2016-09-02,10.760665019917777
2016-09-05,10.771008120040854
2016-09-06,10.774571691572204
2016-09-07,10.766799359619396
2016-09-08,10.769957589426328
2016-09-09,10.772057548198871
2016-09-12,10.755346424250893
2016-09-13,10.743329112246878
2016-09-14,10.727004884257928
2016-09-15,10.72194492406152
2016-09-16,10.722385938401633
2016-09-19,10.703918398315748
2016-09-20,10.721724343934895
2016-09-21,10.71907358028865
2016-09-22,10.721503715141942
2016-09-23,10.737917257929963
2016-09-26,10.730291117908747
2016-09-27,10.728320673921449
2016-09-28,10.71818842864865
2016-09-29,10.727224302799675
2016-09-30,10.736614043149514
2016-10-03,10.734873777319839
2016-10-04,10.735309127783832
2016-10-05,10.743329112246878
2016-10-06,10.730291117908747
2016-10-07,10.72194492406152
2016-10-10,10.71263840885238
2016-10-11,10.72392795875345
2016-10-12,10.728101495838379
2016-10-13,10.725907068800213
2016-10-14,10.724368099605625
2016-10-17,10.743544978410695
2016-10-18,10.735744288800273
2016-10-19,10.752783415586006
2016-10-20,10.762149171573647
2016-10-21,10.765110883067974
2016-10-24,10.762996270311298
2016-10-25,10.765955477712776
2016-10-26,10.759603561374213
2016-10-27,10.757690092096862
2016-10-28,10.752141635694471
2016-10-31,10.752355608092849
2016-11-01,10.747207591575448
2016-11-02,10.74138421698227
2016-11-03,10.724588097406535
2016-11-04,10.722826758333833
2016-11-07,10.709070162425862
2016-11-08,10.725907068800213
2016-11-09,10.727662995502477
2016-11-10,10.71308354573932
2016-11-11,10.695574680950976
2016-11-14,10.68624689178576
2016-11-15,10.68624689178576
2016-11-16,10.6926264987498
2016-11-17,10.690580345938601
2016-11-18,10.695348206032106
2016-11-21,10.696253798124786
2016-11-22,10.700318844372955
2016-11-23,10.701219948286148
2016-11-24,10.697836613605041
2016-11-25,10.701670195929955
2016-11-28,10.705713328122311
2016-11-29,10.697836613605041
2016-11-30,10.695574680950976
2016-12-01,10.704142940811359
2016-12-02,10.6994169277391
2016-12-05,10.6926264987498
2016-12-06,10.693761443826796
2016-12-07,10.7113018080742
2016-12-08,10.73007237132579
2016-12-09,10.741600503346259
2016-12-12,10.743976570994
2016-12-13,10.744407977385507
2016-12-14,10.746562222079024
2016-12-15,10.735309127783832
2016-12-16,10.73509147624309
2016-12-19,10.741600503346259
2016-12-20,10.739868901181982
2016-12-21,10.748067436856283
2016-12-22,10.745701081013967
2016-12-23,10.738351285714554
2016-12-27,10.743329112246878
2016-12-28,10.749355820113736
2016-12-29,10.74699251468463
2016-12-30,10.75042820627549
2017-01-02,10.752783415586006
2017-01-03,10.764476968625194
2017-01-04,10.762572810639504
2017-01-05,10.765955477712776
2017-01-06,10.761725352961665
2017-01-09,10.757902880692196
2017-01-10,10.752355608092849
2017-01-11,10.739652239930999
2017-01-12,10.733566587591218
2017-01-13,10.734220396048636
2017-01-16,10.739218776551866
2017-01-17,10.730728467576773
2017-01-18,10.747637606632601
2017-01-19,10.742681234025316
2017-01-20,10.731384133647687
2017-01-23,10.737048636811288
2017-01-24,10.727224302799675
2017-01-25,10.726565902688105
2017-01-26,10.73007237132579
2017-01-27,10.732257686880788
2017-01-30,10.737917257929963
2017-01-31,10.709740179201345
2017-02-01,10.708399696426893
2017-02-02,10.70683352539415
2017-02-03,10.713528484567572
2017-02-06,10.735961798317172
2017-02-07,10.735309127783832
2017-02-08,10.727882269705747
2017-02-09,10.727224302799675
2017-02-10,10.734873777319839
2017-02-13,10.736831363589356
2017-02-14,10.73617926053397
2017-02-15,10.737483041683452
2017-02-16,10.742249081901045
2017-02-17,10.742681234025316
2017-02-20,10.745701081013967
2017-02-21,10.749141204810842
2017-02-22,10.755133090916752
2017-02-23,10.75149944365699
2017-02-24,10.744407977385507
2017-02-27,10.740302082908487
2017-02-28,10.740302082908487
2017-03-01,10.746562222079024
2017-03-02,10.759391134395187
2017-03-03,10.759603561374213
2017-03-06,10.749355820113736
2017-03-07,10.743760797986367
2017-03-08,10.742897240074326
2017-03-09,10.742897240074326
2017-03-10,10.745054738214346
2017-03-13,10.74203293578543
2017-03-14,10.74051860342465
2017-03-15,10.732039370102276
2017-03-16,10.694895102263592
2017-03-17,10.702120240942051
2017-03-20,10.704142940811359
2017-03-21,10.708399696426893
2017-03-22,10.71152469897003
2017-03-23,10.70862323504412
2017-03-24,10.717745558845131
2017-03-27,10.72304709545051
2017-03-28,10.73007237132579
2017-03-29,10.75832832209406
2017-03-30,10.766166514961634
2017-03-31,10.785600832608697
2017-04-03,10.79117302739995
2017-04-04,10.782699276168863
2017-04-05,10.778539536393685
2017-04-06,10.783321747399668
2017-04-07,10.78746168293374
2017-04-10,10.783529151735163
2017-04-11,10.776244282386555
2017-04-12,10.780621569209089
2017-04-13,10.783321747399668
2017-04-18,10.77978927619392
2017-04-19,10.774571691572204
2017-04-20,10.776035361462364
2017-04-21,10.770167783856948
2017-04-24,10.76384265207998
2017-04-25,10.788906620743196
2017-04-26,10.79937147463262
2017-04-27,10.801003129083949
2017-04-28,10.797328155572691
2017-05-02,10.79671434481173
2017-05-03,10.813961399088718
2017-05-04,10.822574371712284
2017-05-05,10.840364918018672
2017-05-08,10.84427575601067
2017-05-09,10.838992503334087
2017-05-10,10.843299479451629
2017-05-11,10.84310410971378
2017-05-12,10.839384814049202
2017-05-15,10.840560823592812
2017-05-16,10.850113484206355
2017-05-17,10.840756690795475
2017-05-18,10.825561529166011
2017-05-19,10.816773775389985
2017-05-22,10.840756690795475
2017-05-23,10.841148310146476
2017-05-24,10.8481713589115
2017-05-25,10.8481713589115
2017-05-26,10.85707406915398
2017-05-29,10.865325099366254
2017-05-30,10.858614308195481
2017-05-31,10.868758906631905
2017-06-01,10.870661494724853
2017-06-02,10.875212991298383
2017-06-05,10.879743865577717
2017-06-06,10.873129459907277
2017-06-07,10.880873383770094
2017-06-08,10.87540218815828
2017-06-09,10.866089187273534
2017-06-12,10.877103351029552
2017-06-13,10.870091098283872
2017-06-14,10.878801624859744
2017-06-15,10.87899014404213
2017-06-16,10.869900893813494
2017-06-19,10.873129459907277
2017-06-20,10.881249606498384
2017-06-21,10.875212991298383
2017-06-22,10.87028126658339
2017-06-23,10.865133986131081
2017-06-26,10.85668863843038
2017-06-27,10.864942836364657
2017-06-28,10.85668863843038
2017-06-29,10.855917331026156
2017-06-30,10.847004270663875
2017-07-03,10.849142893040186
2017-07-04,10.85321306049652
2017-07-05,10.853406465390266
2017-07-06,10.857651936838364
2017-07-07,10.851083134238696
2017-07-10,10.8481713589115
2017-07-11,10.852826138456484
2017-07-12,10.853599832885793
2017-07-13,10.861304031238781
2017-07-14,10.881061512827182
2017-07-17,10.87804719253426
2017-07-18,10.876158617846391
2017-07-19,10.879178627691731
2017-07-20,10.87804719253426
2017-07-21,10.880308784150316
2017-07-24,10.876914475781092
2017-07-25,10.870661494724853
2017-07-26,10.874455845700979
2017-07-27,10.871801312477436
2017-07-28,10.868377954246345
2017-07-31,10.853406465390266
2017-08-01,10.858998997563564
2017-08-02,10.858998997563564
2017-08-03,10.858998997563564
2017-08-04,10.858998997563564
2017-08-07,10.87804719253426
2017-08-08,10.87804719253426
2017-08-09,10.87804719253426
2017-08-10,10.87804719253426
2017-08-11,10.868758906631905
2017-08-14,10.858998997563564
2017-08-15,10.871801312477436
2017-08-16,10.867043476877397
2017-08-17,10.870091098283872
2017-08-18,10.867043476877397
2017-08-21,10.856110213657674
2017-08-22,10.852439066649831
2017-08-23,10.85707406915398
2017-08-24,10.853599832885793
2017-08-25,10.858036996527373
2017-08-28,10.852245474547784
2017-08-29,10.845251080383314
2017-08-30,10.841735451762325
2017-08-31,10.841735451762325
2017-09-01,10.850501457053124
2017-09-04,10.858036996527373
2017-09-05,10.851858177873694
2017-09-06,10.846614938363842
2017-09-07,10.845251080383314
2017-09-08,10.834469833153273
2017-09-11,10.839776970916972
2017-09-12,10.84095251964169
2017-09-13,10.847004270663875
2017-09-14,10.850695387045004
2017-09-15,10.856881372361785
2017-09-18,10.856495867345446
2017-09-19,10.87218096320333
2017-09-20,10.877858495486807
2017-09-21,10.876536618228892
2017-09-22,10.878235853981852
2017-09-25,10.87993220723003
2017-09-26,10.87993220723003
2017-09-27,10.88049701944499
2017-09-28,10.883691610153935
2017-09-29,10.891540650637173
2017-10-02,10.897849819830439
2017-10-03,10.895998310321692
2017-10-04,10.903567810139966
2017-10-05,10.893586211555004
2017-10-06,10.901358271402707
2017-10-09,10.895256745586188
2017-10-10,10.898404604865473
2017-10-11,10.897849819830439
2017-10-12,10.90338386826508
2017-10-13,10.90668965639958
2017-10-16,10.906872991261217
2017-10-17,10.905955980651335
2017-10-18,10.905588940823394
2017-10-19,10.907605994775803
2017-10-20,10.90742279426233
2017-10-23,10.905772477577145
2017-10-24,10.90301588298034
2017-10-25,10.898959082284724
2017-10-26,10.890423123979614
2017-10-27,10.896739325546411
2017-10-30,10.897849819830439
2017-10-31,10.904854456765403
2017-11-01,10.91034998259467
2017-11-02,10.903567810139966
2017-11-03,10.905038128361106
2017-11-06,10.890609465170874
2017-11-07,10.88706303121588
2017-11-08,10.887436932884098
2017-11-09,10.88331630521427
2017-11-10,10.881813675329736
2017-11-13,10.87804719253426
2017-11-14,10.869900893813494
2017-11-15,10.871801312477436
2017-11-16,10.87028126658339
2017-11-17,10.872560469849253
2017-11-20,10.868758906631905
2017-11-21,10.872750169176388
2017-11-22,10.876347635898178
2017-11-23,10.878801624859744
2017-11-24,10.879743865577717
2017-11-27,10.874645185851124
2017-11-28,10.870661494724853
2017-11-29,10.873508606831251
2017-11-30,10.889304347058893
2017-12-01,10.88967741178995
2017-12-04,10.893957682584535
2017-12-05,10.88986389197697
2017-12-06,10.895812970686281
2017-12-07,10.893214602483466
2017-12-08,10.895071268445715
2017-12-11,10.889304347058893
2017-12-12,10.88986389197697
2017-12-13,10.896368886571995
2017-12-14,10.895256745586188
2017-12-15,10.888184317074343
2017-12-18,10.893400424280896
2017-12-19,10.901358271402707
2017-12-20,10.901358271402707
2017-12-21,10.896739325546411
2017-12-22,10.896554123212333
2017-12-27,10.893400424280896
2017-12-28,10.891726783722866
2017-12-29,10.88986389197697
2018-01-02,10.893586211555004
2018-01-03,10.908521494244672
2018-01-04,10.921070535892156
2018-01-05,10.936138085526478
2018-01-08,10.934891091510787
2018-01-09,10.940224437486151
2018-01-10,10.941818910319308
2018-01-11,10.942526749669337
2018-01-12,10.940047116801228
2018-01-15,10.941818910319308
2018-01-16,10.935960038699692
2018-01-17,10.934712822502382
2018-01-18,10.935603849915873
2018-01-19,10.945000249163664
2018-01-22,10.948171499178683
2018-01-23,10.957973783161682
2018-01-24,10.96612718074542
2018-01-25,10.959192340192962
2018-01-26,10.961798544430712
2018-01-29,10.962145525697204
2018-01-30,10.955532205387904
2018-01-31,10.948874857744693
2018-02-01,10.943764264191275
2018-02-02,10.933821000450944
2018-02-05,10.917630684577787
2018-02-06,10.897109627346607
2018-02-07,10.882565272509048
2018-02-08,10.903751718186461
2018-02-09,10.89209894598991
2018-02-12,10.876536618228892
2018-02-13,10.891354482899505
2018-02-14,10.88986389197697
2018-02-15,10.90025166856016
2018-02-16,10.908155395027697
2018-02-19,10.915815472607225
2018-02-20,10.90301588298034
2018-02-21,10.905588940823394
2018-02-22,10.909070391889045
2018-02-23,10.905772477577145
2018-02-26,10.909436156340819
2018-02-27,10.910715279402385
2018-02-28,10.907789161732996
2018-03-01,10.909070391889045
2018-03-02,10.89228497519703
2018-03-05,10.890609465170874
2018-03-06,10.890236748058845
2018-03-07,10.888184317074343
2018-03-08,10.885378741494232
2018-03-09,10.895812970686281
2018-03-12,10.901173922614277
2018-03-13,10.903751718186461
2018-03-14,10.863986539074604
2018-03-15,10.86818742361797
2018-03-16,10.87218096320333
2018-03-19,10.870851554594283
2018-03-20,10.866280118061702
2018-03-21,10.871041578347825
2018-03-22,10.872750169176388
2018-03-23,10.859960074043116
2018-03-26,10.852439066649831
2018-03-27,10.847976938768962
2018-03-28,10.858806671377762
2018-03-29,10.855338459808834
2018-04-03,10.864560427182177
2018-04-04,10.856110213657674
2018-04-05,10.854179711127616
2018-04-06,10.875591349229495
2018-04-09,10.861687687487493
2018-04-10,10.86818742361797
2018-04-11,10.872750169176388
2018-04-12,10.8712315659992
2018-04-13,10.875212991298383
2018-04-16,10.876914475781092
2018-04-17,10.872370734529454
2018-04-18,10.873319051338314
2018-04-19,10.881249606498384
2018-04-20,10.885191422958515
2018-04-23,10.886314808210527
2018-04-24,10.889490896821583
2018-04-25,10.897109627346607
2018-04-26,10.888184317074343
2018-04-27,10.88668898969291
2018-04-30,10.894329015674579
2018-05-02,10.893586211555004
2018-05-03,10.891168280496956
2018-05-04,10.889117762488896
2018-05-07,10.89377196431861
2018-05-08,10.901173922614277
2018-05-09,10.898959082284724
2018-05-10,10.900805123052656
2018-05-11,10.902647762232577
2018-05-14,10.912539764491594
2018-05-15,10.932928382342938
2018-05-16,10.934177824718779
2018-05-17,10.934177824718779
2018-05-18,10.94641093534365
2018-05-21,10.93969238107562
2018-05-22,10.947115532871479
2018-05-23,10.952734511658909
2018-05-24,10.937383526484547
2018-05-25,10.930603839499168
2018-05-28,10.927196681177554
2018-05-29,10.923056633863785
2018-05-30,10.891354482899505
2018-05-31,10.90338386826508
2018-06-01,10.908521494244672
2018-06-04,10.91726790568754
2018-06-05,10.926837356703691
2018-06-06,10.927376295008301
2018-06-07,10.932392428779417
2018-06-08,10.934534521708471
2018-06-11,10.932928382342938
2018-06-12,10.940224437486151
2018-06-13,10.94358757013657
2018-06-14,10.946058450320614
2018-06-15,10.945000249163664
2018-06-18,10.92485876086079
2018-06-19,10.927735425915376
2018-06-20,10.920889785778694
2018-06-21,10.919080485484145
2018-06-22,10.907789161732996
2018-06-25,10.926477903069339
2018-06-26,10.918174606266476
2018-06-27,10.92611832018161
2018-06-28,10.929529148369403
2018-06-29,10.922876242413851
2018-07-02,10.918174606266476
2018-07-03,10.910897877777767
2018-07-04,10.910715279402385
2018-07-05,10.915815472607225
2018-07-06,10.925578703296495
2018-07-09,10.931140752263744
2018-07-10,10.938804990831924
2018-07-11,10.942172892623889
2018-07-12,10.940224437486151
2018-07-13,10.941995917134532
2018-07-16,10.936316100658235
2018-07-17,10.934891091510787
2018-07-18,10.938094511228325
2018-07-19,10.935425707936245
2018-07-20,10.934356189117718
2018-07-23,10.93221371374007
2018-07-24,10.938094511228325
2018-07-25,10.932749763069445
2018-07-26,10.935247534216398
2018-07-27,10.930066638304407
2018-07-30,10.933999428500305
2018-07-31,10.936316100658235
2018-08-01,10.934712822502382
2018-08-02,10.937739082043848
2018-08-03,10.933285525203878
2018-08-06,10.930066638304407
2018-08-07,10.933285525203878
2018-08-08,10.936672035881783
2018-08-09,10.937739082043848
2018-08-10,10.938804990831924
2018-08-13,10.936316100658235
2018-08-14,10.920709002988724
2018-08-15,10.913996959649264
2018-08-16,10.898034782376051
2018-08-17,10.910897877777767
2018-08-20,10.902279505922026
2018-08-21,10.911810369856777
2018-08-22,10.912357465703376
2018-08-23,10.916360382256528
2018-08-24,10.911627938040162
2018-08-27,10.912904262399767
2018-08-28,10.91726790568754
2018-08-29,10.921070535892156
2018-08-30,10.913814926336666
2018-08-31,10.9079722951462
2018-09-03,10.900067115639086
2018-09-04,10.896924493586937
2018-09-05,10.888371075875895
2018-09-06,10.884254303594648
2018-09-07,10.873508606831251
2018-09-10,10.861304031238781
2018-09-11,10.870091098283872
2018-09-12,10.866471012402265
2018-09-13,10.871991155857218
2018-09-14,10.878801624859744
2018-09-17,10.871801312477436
2018-09-18,10.87993220723003
2018-09-19,10.889304347058893
2018-09-20,10.892842855267288
2018-09-21,10.888184317074343
2018-09-24,10.888931143098599
2018-09-25,10.890795771645564
2018-09-26,10.894700210927542
2018-09-27,10.891726783722866
2018-09-28,10.898034782376051
2018-10-01,10.89209894598991
2018-10-02,10.88706303121588
2018-10-03,10.880873383770094
2018-10-04,10.877103351029552
2018-10-05,10.875023758636262
2018-10-08,10.863795169827057
2018-10-09,10.842517771379773
2018-10-10,10.848365741262196
2018-10-11,10.841148310146476
2018-10-12,10.81817700304331
2018-10-15,10.82117730532399
2018-10-16,10.81777628173961
2018-10-17,10.816773775389985
2018-10-18,10.82377030567982
2018-10-19,10.829530575852962
2018-10-22,10.821576666351662
2018-10-23,10.82576035608783
2018-10-24,10.80608495727828
2018-10-25,10.807503253534671
2018-10-26,10.811746112713019
2018-10-29,10.804055323945047
2018-10-30,10.808717337050858
2018-10-31,10.814162545624647
2018-11-01,10.82017820443161
2018-11-02,10.814966727413061
2018-11-05,10.814966727413061
2018-11-06,10.811746112713019
2018-11-07,10.813961399088718
2018-11-08,10.821576666351662
2018-11-09,10.822574371712284
2018-11-12,10.822574371712284
2018-11-13,10.816974357077548
2018-11-14,10.810131907358478
2018-11-15,10.810535703043351
2018-11-16,10.798758917186207
2018-11-19,10.801206898824848
2018-11-20,10.799167330506158
2018-11-21,10.783943831401068
2018-11-22,10.790143479280593
2018-11-23,10.781660962297154
2018-11-26,10.777914080311584
2018-11-27,10.78746168293374
2018-11-28,10.786635065817029
2018-11-29,10.792612616337514
2018-11-30,10.799575577092764
2018-12-03,10.801410627052098
2018-12-04,10.816573153461334
2018-12-05,10.806490390083347
2018-12-06,10.802835563679972
2018-12-07,10.782491699624266
2018-12-10,10.786428304728728
2018-12-11,10.777079529877168
2018-12-12,10.7743624208798
2018-12-13,10.78766823049205
2018-12-14,10.783736513063017
2018-12-17,10.778956289890028
2018-12-18,10.764476968625194
2018-12-19,10.761301354651307
2018-12-20,10.763631123787283
2018-12-21,10.752997250719933
2018-12-24,10.741816742940571
2018-12-27,10.744192297453688
2018-12-28,10.731165626053679
2018-12-31,10.739868901181982
2019-01-02,10.76384265207998
2019-01-03,10.765744395917798
2019-01-04,10.767010218871627
2019-01-07,10.797532675462964
2019-01-08,10.803852133860024
2019-01-09,10.799779637903594
2019-01-10,10.810131907358478
2019-01-11,10.803852133860024
2019-01-14,10.810737539758135
2019-01-15,10.80446158029839
2019-01-16,10.817174898540168
2019-01-17,10.822574371712284
2019-01-18,10.826157891374322
2019-01-21,10.83525785525867
2019-01-22,10.83860003865087
2019-01-23,10.832497056818058
2019-01-24,10.845056091594552
2019-01-25,10.84622545442513
2019-01-28,10.8481713589115
2019-01-29,10.844861064777746
2019-01-30,10.842908701799137
2019-01-31,10.84603065555435
2019-02-01,10.8481713589115
2019-02-04,10.846809623461313
2019-02-05,10.841344062324843
2019-02-06,10.85205184496058
2019-02-07,10.860344246156945
2019-02-08,10.856303059092655
2019-02-11,10.845835818729572
2019-02-12,10.837814646896382
2019-02-13,10.847004270663875
2019-02-14,10.840756690795475
2019-02-15,10.841931089051416
2019-02-18,10.839580911706463
2019-02-19,10.850501457053124
2019-02-20,10.84564094393601
2019-02-21,10.856110213657674
2019-02-22,10.850501457053124
2019-02-25,10.851083134238696
2019-02-26,10.852826138456484
2019-02-27,10.849337086651827
2019-02-28,10.851858177873694
2019-03-01,10.858036996527373
2019-03-04,10.867234225566579
2019-03-05,10.876158617846391
2019-03-06,10.873698126399713
2019-03-07,10.879743865577717
2019-03-08,10.877103351029552
2019-03-11,10.861495877762152
2019-03-12,10.858036996527373
2019-03-13,10.851276951469654
2019-03-14,10.827548021674644
2019-03-15,10.841344062324843
2019-03-18,10.832694509676829
2019-03-19,10.834469833153273
2019-03-20,10.844080576933248
2019-03-21,10.844665999918062
2019-03-22,10.844080576933248
2019-03-25,10.833681189579275
2019-03-26,10.821776287072955
2019-03-27,10.817174898540168
2019-03-28,10.817976662463655
2019-03-29,10.81997826441295
2019-04-01,10.822175409010004
2019-04-02,10.829332497215095
2019-04-03,10.843885359753516
2019-04-04,10.853406465390266
2019-04-05,10.852826138456484
2019-04-08,10.850307489445106
2019-04-09,10.850501457053124
2019-04-10,10.855917331026156
2019-04-11,10.85321306049652
2019-04-12,10.85707406915398
2019-04-15,10.860344246156945
2019-04-16,10.868758906631905
2019-04-17,10.86933006323953
2019-04-18,10.860920227741458
2019-04-23,10.859383539002643
2019-04-24,10.865325099366254
2019-04-25,10.863412321430344
2019-04-26,10.861879460428918
2019-04-29,10.874834490158362
2019-04-30,10.86818742361797
2019-05-02,10.869710653158492
2019-05-03,10.869900893813494
2019-05-06,10.86933006323953
2019-05-07,10.848365741262196
2019-05-08,10.837618202538614
2019-05-09,10.832102034099115
2019-05-10,10.81637249127545
2019-05-13,10.82516375668662
2019-05-14,10.819378204388943
2019-05-15,10.81637249127545
2019-05-16,10.81376021208472
2019-05-17,10.813156408101396
2019-05-20,10.816171788816172
2019-05-21,10.81777628173961
2019-05-22,10.82576035608783
2019-05-23,10.826952488158284
2019-05-24,10.817375399793972
2019-05-27,10.82377030567982
2019-05-28,10.832102034099115
2019-05-29,10.832694509676829
2019-05-30,10.81637249127545
2019-05-31,10.830124576464428
2019-06-03,10.817976662463655
2019-06-04,10.811947705295095
2019-06-05,10.820577964580847
2019-06-06,10.83683203897611
2019-06-07,10.83683203897611
2019-06-10,10.837028637816811
2019-06-11,10.853019618190086
2019-06-12,10.859191286767118
2019-06-13,10.854566109895947
2019-06-14,10.858229470784536
2019-06-17,10.852245474547784
2019-06-18,10.834075589111107
2019-06-19,10.83643872530339
2019-06-20,10.834666896904034
2019-06-21,10.836635401476705
2019-06-24,10.840364918018672
2019-06-25,10.837028637816811
2019-06-26,10.833681189579275
2019-06-27,10.834272730560736
2019-06-28,10.834666896904034
2019-07-01,10.84310410971378
2019-07-02,10.85707406915398
2019-07-03,10.84778248081988
2019-07-04,10.855917331026156
2019-07-05,10.858229470784536
2019-07-08,10.860152178548557
2019-07-09,10.856303059092655
2019-07-10,10.846809623461313
2019-07-11,10.846614938363842
2019-07-12,10.854566109895947
2019-07-15,10.861495877762152
2019-07-16,10.868949328416733
2019-07-17,10.8712315659992
2019-07-18,10.868758906631905
2019-07-19,10.862646184637459
2019-07-22,10.859191286767118
2019-07-23,10.855145428247575
2019-07-24,10.861687687487493
2019-07-25,10.859960074043116
2019-07-26,10.849337086651827
2019-07-29,10.850113484206355
2019-07-30,10.844080576933248
2019-07-31,10.832891923555666
2019-08-01,10.82377030567982
2019-08-02,10.812149257245792
2019-08-05,10.80689565857927
2019-08-06,10.786841784164018
2019-08-07,10.788700328839422
2019-08-08,10.78766823049205
2019-08-09,10.788700328839422
2019-08-12,10.793023547101463
2019-08-13,10.773524899892822
2019-08-14,10.770377934115157
2019-08-15,10.770167783856948
2019-08-16,10.757902880692196
2019-08-19,10.760665019917777
2019-08-20,10.786635065817029
2019-08-21,10.784151106767132
2019-08-22,10.784772675211467
2019-08-23,10.785393857548453
2019-08-26,10.780621569209089
2019-08-27,10.773734345908876
2019-08-28,10.77833109449611
2019-08-29,10.7758263968811
2019-08-30,10.779372869775244
2019-09-02,10.784358339179022
2019-09-03,10.796918990264201
2019-09-04,10.791995903397831
2019-09-05,10.80242864607517
2019-09-06,10.803648902480399
2019-09-09,10.807705703176014
2019-09-10,10.810737539758135
2019-09-11,10.808717337050858
2019-09-12,10.815770263012745
2019-09-13,10.814564717357396
2019-09-16,10.831113794074028
2019-09-17,10.83545476379529
2019-09-18,10.832299564963956
2019-09-19,10.81817700304331
2019-09-20,10.816773775389985
2019-09-23,10.82377030567982
2019-09-24,10.815569439636228
2019-09-25,10.819178104338251
2019-09-26,10.792407087614151
2019-09-27,10.787255092704724
2019-09-30,10.806287694227784
2019-10-01,10.803648902480399
2019-10-02,10.812552239318544
2019-10-03,10.793639626800589
2019-10-04,10.790143479280593
2019-10-07,10.793228949176747
2019-10-08,10.80059546499351
2019-10-09,10.795485591841238
2019-10-10,10.80059546499351
2019-10-11,10.797737153533403
2019-10-14,10.819778284410283
2019-10-15,10.809323826506423
2019-10-16,10.819378204388943
2019-10-17,10.815368575921584
2019-10-18,10.825561529166011
2019-10-21,10.82137700577398
2019-10-22,10.821776287072955
2019-10-23,10.82377030567982
2019-10-24,10.831706855275558
2019-10-25,10.833286634435076
2019-10-28,10.838403748533448
2019-10-29,10.842908701799137
2019-10-30,10.834666896904034
2019-10-31,10.841148310146476
2019-11-01,10.844470897000654
2019-11-04,10.84095251964169
2019-11-05,10.853019618190086
2019-11-06,10.865325099366254
2019-11-07,10.86283777387073
2019-11-08,10.875023758636262
2019-11-11,10.87993220723003
2019-11-12,10.876725564852034
2019-11-13,10.882753083571671
2019-11-14,10.875212991298383
2019-11-15,10.874266469694353
2019-11-18,10.871801312477436
2019-11-19,10.873508606831251
2019-11-20,10.873698126399713
2019-11-21,10.86283777387073
2019-11-22,10.857651936838364
2019-11-25,10.864177871706968
2019-11-26,10.855145428247575
2019-11-27,10.85398645574002
2019-11-28,10.85668863843038
2019-11-29,10.849337086651827
2019-12-02,10.844665999918062
2019-12-03,10.837028637816811
2019-12-04,10.838992503334087
2019-12-05,10.845251080383314
2019-12-06,10.845056091594552
2019-12-09,10.851276951469654
2019-12-10,10.851470731142772
2019-12-11,10.84778248081988
2019-12-12,10.849142893040186
2019-12-13,10.858998997563564
2019-12-16,10.85957575428435
2019-12-17,10.861304031238781
2019-12-18,10.861687687487493
2019-12-19,10.861879460428918
2019-12-20,10.858998997563564
2019-12-23,10.86283777387073
2019-12-24,10.864751650053014
2019-12-27,10.862071196600535
2019-12-30,10.869520376305097
2019-12-31,10.868568448579715
2020-01-02,10.860728270739237
2020-01-03,10.871041578347825
2020-01-06,10.864560427182177
2020-01-07,10.864177871706968
2020-01-08,10.863795169827057
2020-01-09,10.86322084225312
2020-01-10,10.863603763950312
2020-01-13,10.869139713948007
2020-01-14,10.869520376305097
2020-01-15,10.875780474525568
2020-01-16,10.878235853981852
2020-01-17,10.878801624859744
2020-01-20,10.880873383770094
2020-01-21,10.87993220723003
2020-01-22,10.874266469694353
2020-01-23,10.870851554594283
2020-01-24,10.865325099366254
2020-01-27,10.875212991298383
2020-01-28,10.854566109895947
2020-01-29,10.868568448579715
2020-01-30,10.868568448579715
2020-01-31,10.867615613824443
2020-02-03,10.868568448579715
2020-02-04,10.863603763950312
2020-02-05,10.871041578347825
2020-02-06,10.87804719253426
2020-02-07,10.875023758636262
2020-02-10,10.875591349229495
2020-02-11,10.874077057817662
2020-02-12,10.88500406932799
2020-02-13,10.880308784150316
2020-02-14,10.87729219061089
2020-02-17,10.882940859367924
2020-02-18,10.895812970686281
2020-02-19,10.894329015674579
2020-02-20,10.90301588298034
2020-02-21,10.898404604865473
2020-02-24,10.893957682584535
2020-02-25,10.858229470784536
2020-02-26,10.83506090794144
2020-02-27,10.82017820443161
2020-02-28,10.811746112713019
2020-03-02,10.774780918479548
2020-03-03,10.768484990022733
2020-03-04,10.805679360030782
2020-03-05,10.812955059062158
2020-03-06,10.80079931781248
2020-03-09,10.742897240074326
2020-03-10,10.661016992025342
2020-03-11,10.703244468154331
2020-03-12,10.649464346740606
2020-03-13,10.590365120082478
2020-03-16,10.606585063949241
2020-03-17,10.480100916840122
2020-03-18,10.554509806795402
2020-03-19,10.475031911336824
2020-03-20,10.44755451008192
2020-03-23,10.450162829195817
2020-03-24,10.443192135852495
2020-03-25,10.520293499839351
2020-03-26,10.539799796343535
2020-03-27,10.555031183240999
2020-03-30,10.536619300686088
2020-03-31,10.549281036712603
2020-04-01,10.574900240950067
2020-04-02,10.555031183240999
2020-04-03,10.555552287994843
2020-04-06,10.550067097279738
2020-04-07,10.562043288326453
2020-04-08,10.59588445170537
2020-04-09,10.596384701840863
2020-04-14,10.627163938130897
2020-04-15,10.635615032736958
2020-04-16,10.613000087182337
2020-04-17,10.603113699193782
2020-04-20,10.614474651224404
2020-04-21,10.603858578185394
2020-04-22,10.58050535116619
2020-04-23,10.597883952496506
2020-04-24,10.609797719622355
2020-04-27,10.600875727353328
2020-04-28,10.606832558072519
2020-04-29,10.625950787430126
2020-04-30,10.649227183215244
2020-05-04,10.64280241394108
2020-05-05,10.612754114975957
2020-05-06,10.627891122746627
2020-05-07,10.627406391762827
2020-05-08,10.626193535337618
2020-05-11,10.630311259455457
2020-05-12,10.623520061877455
2020-05-13,10.614229041497024
2020-05-14,10.59563423276249
2020-05-15,10.573366106156719
2020-05-18,10.582789326274021
2020-05-19,10.606585063949241
2020-05-20,10.624979206105216
2020-05-21,10.642563664984474
2020-05-22,10.64875268735818
2020-05-25,10.661016992025342
2020-05-26,10.662422473634077
2020-05-27,10.667559071432771
2020-05-28,10.668722809490328
2020-05-29,10.686475437095863
2020-06-01,10.67498369950705
2020-06-02,10.697384636196217
2020-06-03,10.726565902688105
2020-06-04,10.743760797986367
2020-06-05,10.74051860342465
2020-06-08,10.741600503346259
2020-06-09,10.735526731962691
2020-06-10,10.71907358028865
2020-06-11,10.710409747354918
2020-06-12,10.681894577046897
2020-06-15,10.682812429337126
2020-06-16,10.67521483321893
2020-06-17,10.697158570862372
2020-06-18,10.69670628682029
2020-06-19,10.688073793412855
2020-06-22,10.695348206032106
2020-06-23,10.684874521945481
2020-06-24,10.690580345938601
2020-06-25,10.67521483321893
2020-06-26,10.675676940436027
2020-06-29,10.672205919943147
2020-06-30,10.689213914389166
2020-07-01,10.679366130693538
2020-07-02,10.676369701114927
2020-07-03,10.694215061434937
2020-07-06,10.688758021971879
2020-07-07,10.68944178268228
2020-07-08,10.699642483170303
2020-07-09,10.70504060693986
2020-07-10,10.69466847336744
2020-07-13,10.702345187518187
2020-07-14,10.704367432898955
2020-07-15,10.699191321421166
2020-07-16,10.693534557836033
2020-07-17,10.705264897621522
2020-07-20,10.707952469228026
2020-07-21,10.719957949128073
2020-07-22,10.72260637265801
2020-07-23,10.714639966286978
2020-07-24,10.721062311471126
2020-07-27,10.710855877186097
2020-07-28,10.70076949782808
2020-07-29,10.691944912900398
2020-07-30,10.689213914389166
2020-07-31,10.6684901701965
2020-08-03,10.666160795744684
2020-08-04,10.678214720088496
2020-08-05,10.685560942290476
2020-08-06,10.690807903113322
2020-08-07,10.68533218785736
2020-08-10,10.682812429337126
2020-08-11,10.68944178268228
2020-08-12,10.698062525726186
2020-08-13,10.709070162425862
2020-08-14,10.70862323504412
2020-08-17,10.700093441464304
2020-08-18,10.698739956033227
2020-08-19,10.692399355080452
2020-08-20,10.6926264987498
2020-08-21,10.681205634546343
2020-08-24,10.677984278792396
2020-08-25,10.697384636196217
2020-08-26,10.68670393018494
2020-08-27,10.688758021971879
2020-08-28,10.684416646479606
2020-08-31,10.677753784380865
2020-09-01,10.668024729182747
2020-09-02,10.669652825832646
2020-09-03,10.674752512360026
2020-09-04,10.673364265954747
2020-09-07,10.655846592727919
2020-09-08,10.669885194835667
2020-09-09,10.658905058822198
2020-09-10,10.680516217076775
2020-09-11,10.674058630060877
2020-09-14,10.670581978048157
2020-09-15,10.664760562143673
2020-09-16,10.664293381569887
2020-09-17,10.665694269027568
2020-09-18,10.664059709410862
2020-09-21,10.656553223307316
2020-09-22,10.6341713366248
2020-09-23,10.624979206105216
2020-09-24,10.615947044128447
2020-09-25,10.606585063949241
2020-09-28,10.5933794403754
2020-09-29,10.616437360392252
2020-09-30,10.602616804773621
2020-10-01,10.611030613379805
2020-10-02,10.621083413498383
2020-10-05,10.616437360392252
2020-10-06,10.628375618880137
2020-10-07,10.639694222556521
2020-10-08,10.638975573585599
2020-10-09,10.649227183215244
2020-10-12,10.639454730279002
2020-10-13,10.655139462468636
2020-10-14,10.664059709410862
2020-10-15,10.667559071432771
2020-10-16,10.64280241394108
2020-10-19,10.650649321402312
2020-10-20,10.647565461764616
2020-10-21,10.637056647594989
2020-10-22,10.62958583323576
2020-10-23,10.62449306122447
2020-10-26,10.62958583323576
2020-10-27,10.60831623786991
2020-10-28,10.58961011815911
2020-10-29,10.567205922405261
2020-10-30,10.56048928645972
2020-11-02,10.581521095286025
2020-11-03,10.600377719374908
2020-11-04,10.607821922486638
2020-11-05,10.611523345589823
2020-11-06,10.62083942179289
2020-11-09,10.604850887867414
2020-11-10,10.638016570874843
2020-11-11,10.65913993844747
2020-11-12,10.677523236829412
2020-11-13,10.683500266117655
2020-11-16,10.677523236829412
2020-11-17,10.696253798124786
2020-11-18,10.68235360849861
2020-11-19,10.694215061434937
2020-11-20,10.682812429337126
2020-11-23,10.695801104590572
2020-11-24,10.701445097448419
2020-11-25,10.728539803976012
2020-11-26,10.741167883828371
2020-11-27,10.736396675471232
2020-11-30,10.744623610809523
2020-12-01,10.736614043149514
2020-12-02,10.732912351388622
2020-12-03,10.740951503864313
2020-12-04,10.744192297453688
2020-12-07,10.757902880692196
2020-12-08,10.758115624018176
2020-12-09,10.771847750652734
2020-12-10,10.775199241012317
2020-12-11,10.77958109465887
2020-12-14,10.768484990022733
2020-12-15,10.777079529877168
2020-12-16,10.7743624208798
2020-12-17,10.773105876211853
2020-12-18,10.782906809634378
2020-12-21,10.773105876211853
2020-12-22,10.747637606632601
2020-12-23,10.762149171573647
2020-12-24,10.782906809634378
2020-12-28,10.788906620743196
2020-12-29,10.804258472752247
2020-12-30,10.804664646600235
2020-12-31,10.802835563679972
2021-01-04,10.797941589801109
2021-01-05,10.817375399793972
2021-01-06,10.82037810448225
2021-01-07,10.851664473272605
2021-01-08,10.873508606831251
2021-01-11,10.866661870309134
2021-01-12,10.845835818729572
2021-01-13,10.843690104456597
2021-01-14,10.83683203897611
2021-01-15,10.841539776191796
2021-01-18,10.826356599770406
2021-01-19,10.830520380942184
2021-01-20,10.834075589111107
2021-01-21,10.832694509676829
2021-01-22,10.829926615462098
2021-01-25,10.826952488158284
2021-01-26,10.811342805589181
2021-01-27,10.79650965747093
2021-01-28,10.77499010162015
2021-01-29,10.789731363057987
2021-02-01,10.777079529877168
2021-02-02,10.776035361462364
2021-02-03,10.77874793485229
2021-02-04,10.782284079982702
2021-02-05,10.77645315967191
2021-02-08,10.786841784164018
2021-02-09,10.789731363057987
2021-02-10,10.786635065817029
2021-02-11,10.782906809634378
2021-02-12,10.781660962297154
2021-02-15,10.762784562890163
2021-02-16,10.781453170088616
2021-02-17,10.784772675211467
2021-02-18,10.783114300038692
2021-02-19,10.758540974939093
